Date,FloodDuration
1996-10-02,38
1996-10-03,39
1996-10-04,40
1996-10-05,41
1996-10-06,42
1996-10-07,43
1996-10-08,44
1996-10-09,45
1996-10-10,46
1996-10-11,47
1996-10-12,48
1996-10-13,49
1996-10-14,50
1996-10-15,51
1996-10-16,52
1996-10-17,53
1996-10-18,54
1996-10-19,55
1996-10-20,56
1996-10-21,57
1996-10-22,58
1996-10-23,58
1996-10-24,58
1996-10-25,58
1996-10-26,58
1996-10-27,58
1996-10-28,58
1996-10-29,58
1996-10-30,58
1996-10-31,58
1996-11-01,58
1996-11-02,58
1996-11-03,58
1996-11-04,58
1996-11-05,58
1996-11-06,58
1996-11-07,58
1996-11-08,58
1996-11-09,58
1996-11-10,58
1996-11-11,58
1996-11-12,58
1996-11-13,58
1996-11-14,58
1996-11-15,58
1996-11-16,58
1996-11-17,58
1996-11-18,58
1996-11-19,58
1996-11-20,58
1996-11-21,58
1996-11-22,58
1996-11-23,58
1996-11-24,58
1996-11-25,58
1996-11-26,58
1996-11-27,58
1996-11-28,58
1996-11-29,58
1996-11-30,58
1996-12-01,58
1996-12-02,58
1996-12-03,58
1996-12-04,58
1996-12-05,58
1996-12-06,58
1996-12-07,58
1996-12-08,58
1996-12-09,58
1996-12-10,58
1996-12-11,58
1996-12-12,58
1996-12-13,58
1996-12-14,58
1996-12-15,57
1996-12-16,56
1996-12-17,55
1996-12-18,54
1996-12-19,53
1996-12-20,52
1996-12-21,52
1996-12-22,52
1996-12-23,52
1996-12-24,52
1996-12-25,52
1996-12-26,52
1996-12-27,52
1996-12-28,52
1996-12-29,52
1996-12-30,51
1996-12-31,50
1997-01-01,49
1997-01-02,48
1997-01-03,47
1997-01-04,46
1997-01-05,45
1997-01-06,44
1997-01-07,43
1997-01-08,42
1997-01-09,41
1997-01-10,40
1997-01-11,39
1997-01-12,38
1997-01-13,37
1997-01-14,36
1997-01-15,35
1997-01-16,34
1997-01-17,33
1997-01-18,32
1997-01-19,31
1997-01-20,30
1997-01-21,29
1997-01-22,28
1997-01-23,27
1997-01-24,26
1997-01-25,25
1997-01-26,24
1997-01-27,23
1997-01-28,22
1997-01-29,21
1997-01-30,20
1997-01-31,19
1997-02-01,18
1997-02-02,17
1997-02-03,16
1997-02-04,15
1997-02-05,14
1997-02-06,13
1997-02-07,12
1997-02-08,11
1997-02-09,10
1997-02-10,9
1997-02-11,8
1997-02-12,7
1997-02-13,6
1997-02-14,5
1997-02-15,4
1997-02-16,3
1997-02-17,2
1997-02-18,1
1997-02-19,0
1997-02-20,0
1997-02-21,0
1997-02-22,0
1997-02-23,0
1997-02-24,0
1997-02-25,0
1997-02-26,0
1997-02-27,0
1997-02-28,0
1997-03-01,0
1997-03-02,0
1997-03-03,0
1997-03-04,0
1997-03-05,0
1997-03-06,0
1997-03-07,0
1997-03-08,0
1997-03-09,0
1997-03-10,0
1997-03-11,0
1997-03-12,0
1997-03-13,0
1997-03-14,0
1997-03-15,0
1997-03-16,0
1997-03-17,0
1997-03-18,0
1997-03-19,0
1997-03-20,0
1997-03-21,0
1997-03-22,0
1997-03-23,0
1997-03-24,0
1997-03-25,0
1997-03-26,0
1997-03-27,0
1997-03-28,0
1997-03-29,0
1997-03-30,0
1997-03-31,0
1997-04-01,0
1997-04-02,0
1997-04-03,0
1997-04-04,0
1997-04-05,0
1997-04-06,0
1997-04-07,0
1997-04-08,0
1997-04-09,0
1997-04-10,0
1997-04-11,0
1997-04-12,0
1997-04-13,0
1997-04-14,0
1997-04-15,0
1997-04-16,0
1997-04-17,0
1997-04-18,0
1997-04-19,0
1997-04-20,0
1997-04-21,0
1997-04-22,0
1997-04-23,0
1997-04-24,0
1997-04-25,0
1997-04-26,0
1997-04-27,0
1997-04-28,0
1997-04-29,0
1997-04-30,0
1997-05-01,0
1997-05-02,0
1997-05-03,0
1997-05-04,0
1997-05-05,0
1997-05-06,0
1997-05-07,0
1997-05-08,0
1997-05-09,0
1997-05-10,0
1997-05-11,0
1997-05-12,0
1997-05-13,0
1997-05-14,0
1997-05-15,0
1997-05-16,0
1997-05-17,0
1997-05-18,0
1997-05-19,0
1997-05-20,0
1997-05-21,0
1997-05-22,0
1997-05-23,0
1997-05-24,0
1997-05-25,0
1997-05-26,0
1997-05-27,0
1997-05-28,0
1997-05-29,0
1997-05-30,0
1997-05-31,0
1997-06-01,0
1997-06-02,0
1997-06-03,0
1997-06-04,0
1997-06-05,0
1997-06-06,0
1997-06-07,0
1997-06-08,0
1997-06-09,0
1997-06-10,0
1997-06-11,0
1997-06-12,0
1997-06-13,0
1997-06-14,0
1997-06-15,0
1997-06-16,0
1997-06-17,0
1997-06-18,0
1997-06-19,0
1997-06-20,0
1997-06-21,0
1997-06-22,0
1997-06-23,0
1997-06-24,0
1997-06-25,0
1997-06-26,0
1997-06-27,0
1997-06-28,0
1997-06-29,0
1997-06-30,0
1997-07-01,0
1997-07-02,0
1997-07-03,0
1997-07-04,0
1997-07-05,0
1997-07-06,0
1997-07-07,0
1997-07-08,0
1997-07-09,0
1997-07-10,0
1997-07-11,0
1997-07-12,0
1997-07-13,0
1997-07-14,0
1997-07-15,0
1997-07-16,0
1997-07-17,0
1997-07-18,0
1997-07-19,0
1997-07-20,0
1997-07-21,0
1997-07-22,0
1997-07-23,0
1997-07-24,0
1997-07-25,0
1997-07-26,0
1997-07-27,0
1997-07-28,0
1997-07-29,0
1997-07-30,0
1997-07-31,0
1997-08-01,0
1997-08-02,0
1997-08-03,0
1997-08-04,0
1997-08-05,0
1997-08-06,0
1997-08-07,0
1997-08-08,0
1997-08-09,0
1997-08-10,0
1997-08-11,0
1997-08-12,0
1997-08-13,0
1997-08-14,0
1997-08-15,0
1997-08-16,0
1997-08-17,0
1997-08-18,0
1997-08-19,0
1997-08-20,0
1997-08-21,0
1997-08-22,0
1997-08-23,0
1997-08-24,0
1997-08-25,0
1997-08-26,0
1997-08-27,0
1997-08-28,0
1997-08-29,0
1997-08-30,0
1997-08-31,0
1997-09-01,0
1997-09-02,0
1997-09-03,0
1997-09-04,0
1997-09-05,0
1997-09-06,0
1997-09-07,0
1997-09-08,0
1997-09-09,0
1997-09-10,0
1997-09-11,0
1997-09-12,0
1997-09-13,0
1997-09-14,0
1997-09-15,0
1997-09-16,0
1997-09-17,0
1997-09-18,0
1997-09-19,1
1997-09-20,2
1997-09-21,3
1997-09-22,4
1997-09-23,5
1997-09-24,6
1997-09-25,7
1997-09-26,8
1997-09-27,9
1997-09-28,10
1997-09-29,11
1997-09-30,12
1997-10-01,13
1997-10-02,14
1997-10-03,15
1997-10-04,16
1997-10-05,17
1997-10-06,18
1997-10-07,19
1997-10-08,20
1997-10-09,21
1997-10-10,22
1997-10-11,23
1997-10-12,24
1997-10-13,25
1997-10-14,26
1997-10-15,27
1997-10-16,28
1997-10-17,29
1997-10-18,30
1997-10-19,31
1997-10-20,32
1997-10-21,33
1997-10-22,34
1997-10-23,35
1997-10-24,36
1997-10-25,37
1997-10-26,38
1997-10-27,39
1997-10-28,40
1997-10-29,41
1997-10-30,42
1997-10-31,43
1997-11-01,44
1997-11-02,45
1997-11-03,46
1997-11-04,47
1997-11-05,48
1997-11-06,49
1997-11-07,50
1997-11-08,51
1997-11-09,52
1997-11-10,53
1997-11-11,54
1997-11-12,55
1997-11-13,56
1997-11-14,57
1997-11-15,58
1997-11-16,59
1997-11-17,60
1997-11-18,61
1997-11-19,62
1997-11-20,63
1997-11-21,64
1997-11-22,65
1997-11-23,66
1997-11-24,67
1997-11-25,68
1997-11-26,69
1997-11-27,70
1997-11-28,71
1997-11-29,72
1997-11-30,73
1997-12-01,74
1997-12-02,75
1997-12-03,76
1997-12-04,77
1997-12-05,78
1997-12-06,79
1997-12-07,80
1997-12-08,81
1997-12-09,82
1997-12-10,83
1997-12-11,84
1997-12-12,85
1997-12-13,86
1997-12-14,87
1997-12-15,88
1997-12-16,89
1997-12-17,90
1997-12-18,90
1997-12-19,90
1997-12-20,90
1997-12-21,90
1997-12-22,90
1997-12-23,90
1997-12-24,90
1997-12-25,90
1997-12-26,90
1997-12-27,90
1997-12-28,90
1997-12-29,90
1997-12-30,90
1997-12-31,90
1998-01-01,90
1998-01-02,90
1998-01-03,90
1998-01-04,90
1998-01-05,90
1998-01-06,90
1998-01-07,90
1998-01-08,90
1998-01-09,90
1998-01-10,90
1998-01-11,90
1998-01-12,90
1998-01-13,90
1998-01-14,90
1998-01-15,90
1998-01-16,90
1998-01-17,89
1998-01-18,88
1998-01-19,87
1998-01-20,86
1998-01-21,85
1998-01-22,84
1998-01-23,83
1998-01-24,82
1998-01-25,81
1998-01-26,80
1998-01-27,79
1998-01-28,78
1998-01-29,77
1998-01-30,76
1998-01-31,75
1998-02-01,75
1998-02-02,75
1998-02-03,75
1998-02-04,75
1998-02-05,75
1998-02-06,75
1998-02-07,75
1998-02-08,75
1998-02-09,74
1998-02-10,73
1998-02-11,72
1998-02-12,71
1998-02-13,70
1998-02-14,69
1998-02-15,68
1998-02-16,67
1998-02-17,66
1998-02-18,65
1998-02-19,64
1998-02-20,63
1998-02-21,62
1998-02-22,61
1998-02-23,60
1998-02-24,59
1998-02-25,58
1998-02-26,57
1998-02-27,56
1998-02-28,55
1998-03-01,54
1998-03-02,53
1998-03-03,52
1998-03-04,51
1998-03-05,50
1998-03-06,49
1998-03-07,48
1998-03-08,47
1998-03-09,46
1998-03-10,45
1998-03-11,44
1998-03-12,43
1998-03-13,42
1998-03-14,41
1998-03-15,40
1998-03-16,39
1998-03-17,38
1998-03-18,37
1998-03-19,36
1998-03-20,35
1998-03-21,34
1998-03-22,33
1998-03-23,32
1998-03-24,31
1998-03-25,30
1998-03-26,29
1998-03-27,28
1998-03-28,27
1998-03-29,26
1998-03-30,25
1998-03-31,24
1998-04-01,23
1998-04-02,22
1998-04-03,21
1998-04-04,20
1998-04-05,19
1998-04-06,18
1998-04-07,17
1998-04-08,16
1998-04-09,15
1998-04-10,14
1998-04-11,13
1998-04-12,12
1998-04-13,11
1998-04-14,10
1998-04-15,9
1998-04-16,8
1998-04-17,8
1998-04-18,8
1998-04-19,8
1998-04-20,8
1998-04-21,8
1998-04-22,8
1998-04-23,8
1998-04-24,8
1998-04-25,8
1998-04-26,8
1998-04-27,8
1998-04-28,8
1998-04-29,8
1998-04-30,8
1998-05-01,8
1998-05-02,8
1998-05-03,8
1998-05-04,8
1998-05-05,8
1998-05-06,8
1998-05-07,8
1998-05-08,8
1998-05-09,8
1998-05-10,8
1998-05-11,8
1998-05-12,8
1998-05-13,8
1998-05-14,8
1998-05-15,8
1998-05-16,8
1998-05-17,8
1998-05-18,8
1998-05-19,8
1998-05-20,8
1998-05-21,8
1998-05-22,8
1998-05-23,8
1998-05-24,8
1998-05-25,8
1998-05-26,8
1998-05-27,8
1998-05-28,8
1998-05-29,8
1998-05-30,8
1998-05-31,8
1998-06-01,7
1998-06-02,6
1998-06-03,5
1998-06-04,4
1998-06-05,3
1998-06-06,2
1998-06-07,1
1998-06-08,0
1998-06-09,0
1998-06-10,0
1998-06-11,0
1998-06-12,0
1998-06-13,0
1998-06-14,0
1998-06-15,0
1998-06-16,0
1998-06-17,0
1998-06-18,0
1998-06-19,0
1998-06-20,0
1998-06-21,0
1998-06-22,0
1998-06-23,0
1998-06-24,0
1998-06-25,0
1998-06-26,0
1998-06-27,0
1998-06-28,0
1998-06-29,0
1998-06-30,0
1998-07-01,0
1998-07-02,0
1998-07-03,0
1998-07-04,0
1998-07-05,0
1998-07-06,0
1998-07-07,0
1998-07-08,0
1998-07-09,0
1998-07-10,0
1998-07-11,0
1998-07-12,0
1998-07-13,0
1998-07-14,0
1998-07-15,0
1998-07-16,0
1998-07-17,0
1998-07-18,0
1998-07-19,0
1998-07-20,0
1998-07-21,0
1998-07-22,0
1998-07-23,0
1998-07-24,0
1998-07-25,0
1998-07-26,0
1998-07-27,0
1998-07-28,0
1998-07-29,0
1998-07-30,0
1998-07-31,0
1998-08-01,0
1998-08-02,0
1998-08-03,0
1998-08-04,0
1998-08-05,0
1998-08-06,0
1998-08-07,0
1998-08-08,0
1998-08-09,0
1998-08-10,0
1998-08-11,0
1998-08-12,0
1998-08-13,0
1998-08-14,0
1998-08-15,0
1998-08-16,0
1998-08-17,0
1998-08-18,0
1998-08-19,0
1998-08-20,0
1998-08-21,0
1998-08-22,0
1998-08-23,0
1998-08-24,0
1998-08-25,0
1998-08-26,0
1998-08-27,0
1998-08-28,0
1998-08-29,0
1998-08-30,0
1998-08-31,0
1998-09-01,0
1998-09-02,0
1998-09-03,0
1998-09-04,0
1998-09-05,0
1998-09-06,0
1998-09-07,0
1998-09-08,0
1998-09-09,0
1998-09-10,0
1998-09-11,0
1998-09-12,0
1998-09-13,0
1998-09-14,0
1998-09-15,0
1998-09-16,0
1998-09-17,0
1998-09-18,0
1998-09-19,0
1998-09-20,0
1998-09-21,0
1998-09-22,0
1998-09-23,0
1998-09-24,0
1998-09-25,0
1998-09-26,0
1998-09-27,0
1998-09-28,0
1998-09-29,0
1998-09-30,0
1998-10-01,0
1998-10-02,0
1998-10-03,0
1998-10-04,0
1998-10-05,0
1998-10-06,0
1998-10-07,0
1998-10-08,0
1998-10-09,0
1998-10-10,0
1998-10-11,0
1998-10-12,0
1998-10-13,0
1998-10-14,1
1998-10-15,2
1998-10-16,3
1998-10-17,4
1998-10-18,5
1998-10-19,6
1998-10-20,7
1998-10-21,8
1998-10-22,9
1998-10-23,10
1998-10-24,11
1998-10-25,12
1998-10-26,13
1998-10-27,14
1998-10-28,15
1998-10-29,16
1998-10-30,17
1998-10-31,18
1998-11-01,19
1998-11-02,20
1998-11-03,21
1998-11-04,22
1998-11-05,23
1998-11-06,24
1998-11-07,25
1998-11-08,26
1998-11-09,27
1998-11-10,28
1998-11-11,29
1998-11-12,30
1998-11-13,31
1998-11-14,32
1998-11-15,32
1998-11-16,32
1998-11-17,32
1998-11-18,32
1998-11-19,33
1998-11-20,34
1998-11-21,34
1998-11-22,34
1998-11-23,34
1998-11-24,34
1998-11-25,34
1998-11-26,34
1998-11-27,35
1998-11-28,36
1998-11-29,37
1998-11-30,38
1998-12-01,39
1998-12-02,40
1998-12-03,41
1998-12-04,41
1998-12-05,41
1998-12-06,41
1998-12-07,41
1998-12-08,41
1998-12-09,41
1998-12-10,41
1998-12-11,41
1998-12-12,41
1998-12-13,41
1998-12-14,41
1998-12-15,42
1998-12-16,43
1998-12-17,43
1998-12-18,43
1998-12-19,43
1998-12-20,43
1998-12-21,43
1998-12-22,43
1998-12-23,43
1998-12-24,43
1998-12-25,43
1998-12-26,43
1998-12-27,43
1998-12-28,43
1998-12-29,43
1998-12-30,43
1998-12-31,43
1999-01-01,43
1999-01-02,43
1999-01-03,43
1999-01-04,43
1999-01-05,43
1999-01-06,43
1999-01-07,43
1999-01-08,43
1999-01-09,43
1999-01-10,43
1999-01-11,43
1999-01-12,43
1999-01-13,43
1999-01-14,43
1999-01-15,43
1999-01-16,43
1999-01-17,43
1999-01-18,43
1999-01-19,43
1999-01-20,43
1999-01-21,43
1999-01-22,43
1999-01-23,43
1999-01-24,43
1999-01-25,43
1999-01-26,43
1999-01-27,43
1999-01-28,43
1999-01-29,43
1999-01-30,43
1999-01-31,43
1999-02-01,43
1999-02-02,43
1999-02-03,43
1999-02-04,43
1999-02-05,43
1999-02-06,43
1999-02-07,43
1999-02-08,43
1999-02-09,43
1999-02-10,43
1999-02-11,42
1999-02-12,41
1999-02-13,40
1999-02-14,39
1999-02-15,38
1999-02-16,37
1999-02-17,36
1999-02-18,35
1999-02-19,34
1999-02-20,33
1999-02-21,32
1999-02-22,31
1999-02-23,30
1999-02-24,29
1999-02-25,28
1999-02-26,27
1999-02-27,26
1999-02-28,25
1999-03-01,24
1999-03-02,23
1999-03-03,22
1999-03-04,21
1999-03-05,20
1999-03-06,19
1999-03-07,18
1999-03-08,17
1999-03-09,16
1999-03-10,15
1999-03-11,14
1999-03-12,13
1999-03-13,12
1999-03-14,11
1999-03-15,11
1999-03-16,11
1999-03-17,11
1999-03-18,11
1999-03-19,10
1999-03-20,9
1999-03-21,9
1999-03-22,9
1999-03-23,9
1999-03-24,9
1999-03-25,9
1999-03-26,9
1999-03-27,8
1999-03-28,7
1999-03-29,6
1999-03-30,5
1999-03-31,4
1999-04-01,3
1999-04-02,2
1999-04-03,2
1999-04-04,2
1999-04-05,2
1999-04-06,2
1999-04-07,2
1999-04-08,2
1999-04-09,2
1999-04-10,2
1999-04-11,2
1999-04-12,2
1999-04-13,2
1999-04-14,1
1999-04-15,0
1999-04-16,0
1999-04-17,0
1999-04-18,0
1999-04-19,0
1999-04-20,0
1999-04-21,0
1999-04-22,0
1999-04-23,0
1999-04-24,0
1999-04-25,0
1999-04-26,0
1999-04-27,0
1999-04-28,0
1999-04-29,0
1999-04-30,0
1999-05-01,0
1999-05-02,0
1999-05-03,0
1999-05-04,0
1999-05-05,0
1999-05-06,0
1999-05-07,0
1999-05-08,0
1999-05-09,0
1999-05-10,0
1999-05-11,0
1999-05-12,0
1999-05-13,0
1999-05-14,0
1999-05-15,0
1999-05-16,0
1999-05-17,0
1999-05-18,0
1999-05-19,0
1999-05-20,0
1999-05-21,0
1999-05-22,0
1999-05-23,0
1999-05-24,0
1999-05-25,0
1999-05-26,0
1999-05-27,0
1999-05-28,0
1999-05-29,0
1999-05-30,0
1999-05-31,0
1999-06-01,0
1999-06-02,0
1999-06-03,0
1999-06-04,0
1999-06-05,0
1999-06-06,0
1999-06-07,0
1999-06-08,0
1999-06-09,0
1999-06-10,0
1999-06-11,0
1999-06-12,0
1999-06-13,0
1999-06-14,0
1999-06-15,0
1999-06-16,0
1999-06-17,0
1999-06-18,0
1999-06-19,0
1999-06-20,0
1999-06-21,0
1999-06-22,0
1999-06-23,0
1999-06-24,0
1999-06-25,0
1999-06-26,0
1999-06-27,0
1999-06-28,0
1999-06-29,0
1999-06-30,0
1999-07-01,0
1999-07-02,0
1999-07-03,0
1999-07-04,0
1999-07-05,0
1999-07-06,0
1999-07-07,0
1999-07-08,0
1999-07-09,0
1999-07-10,0
1999-07-11,0
1999-07-12,0
1999-07-13,0
1999-07-14,0
1999-07-15,0
1999-07-16,0
1999-07-17,0
1999-07-18,0
1999-07-19,0
1999-07-20,0
1999-07-21,0
1999-07-22,0
1999-07-23,0
1999-07-24,0
1999-07-25,0
1999-07-26,0
1999-07-27,0
1999-07-28,0
1999-07-29,0
1999-07-30,0
1999-07-31,0
1999-08-01,0
1999-08-02,0
1999-08-03,0
1999-08-04,0
1999-08-05,0
1999-08-06,0
1999-08-07,0
1999-08-08,0
1999-08-09,0
1999-08-10,0
1999-08-11,0
1999-08-12,0
1999-08-13,0
1999-08-14,0
1999-08-15,0
1999-08-16,0
1999-08-17,0
1999-08-18,0
1999-08-19,0
1999-08-20,0
1999-08-21,0
1999-08-22,0
1999-08-23,0
1999-08-24,0
1999-08-25,0
1999-08-26,0
1999-08-27,0
1999-08-28,0
1999-08-29,0
1999-08-30,0
1999-08-31,0
1999-09-01,0
1999-09-02,0
1999-09-03,0
1999-09-04,0
1999-09-05,0
1999-09-06,0
1999-09-07,0
1999-09-08,0
1999-09-09,0
1999-09-10,0
1999-09-11,0
1999-09-12,0
1999-09-13,0
1999-09-14,0
1999-09-15,0
1999-09-16,0
1999-09-17,0
1999-09-18,0
1999-09-19,0
1999-09-20,0
1999-09-21,0
1999-09-22,0
1999-09-23,0
1999-09-24,0
1999-09-25,0
1999-09-26,0
1999-09-27,0
1999-09-28,0
1999-09-29,0
1999-09-30,0
1999-10-01,0
1999-10-02,0
1999-10-03,0
1999-10-04,0
1999-10-05,0
1999-10-06,0
1999-10-07,0
1999-10-08,0
1999-10-09,0
1999-10-10,0
1999-10-11,0
1999-10-12,0
1999-10-13,0
1999-10-14,0
1999-10-15,0
1999-10-16,0
1999-10-17,0
1999-10-18,1
1999-10-19,2
1999-10-20,3
1999-10-21,4
1999-10-22,5
1999-10-23,6
1999-10-24,7
1999-10-25,8
1999-10-26,9
1999-10-27,10
1999-10-28,11
1999-10-29,12
1999-10-30,13
1999-10-31,14
1999-11-01,15
1999-11-02,16
1999-11-03,17
1999-11-04,18
1999-11-05,19
1999-11-06,20
1999-11-07,21
1999-11-08,22
1999-11-09,23
1999-11-10,24
1999-11-11,25
1999-11-12,26
1999-11-13,27
1999-11-14,28
1999-11-15,29
1999-11-16,30
1999-11-17,31
1999-11-18,32
1999-11-19,33
1999-11-20,33
1999-11-21,33
1999-11-22,33
1999-11-23,33
1999-11-24,33
1999-11-25,33
1999-11-26,33
1999-11-27,33
1999-11-28,33
1999-11-29,33
1999-11-30,33
1999-12-01,33
1999-12-02,33
1999-12-03,33
1999-12-04,33
1999-12-05,33
1999-12-06,33
1999-12-07,33
1999-12-08,33
1999-12-09,33
1999-12-10,33
1999-12-11,33
1999-12-12,33
1999-12-13,33
1999-12-14,33
1999-12-15,33
1999-12-16,33
1999-12-17,33
1999-12-18,33
1999-12-19,33
1999-12-20,33
1999-12-21,33
1999-12-22,33
1999-12-23,33
1999-12-24,33
1999-12-25,33
1999-12-26,33
1999-12-27,33
1999-12-28,33
1999-12-29,33
1999-12-30,33
1999-12-31,33
2000-01-01,33
2000-01-02,33
2000-01-03,33
2000-01-04,33
2000-01-05,33
2000-01-06,33
2000-01-07,33
2000-01-08,33
2000-01-09,33
2000-01-10,33
2000-01-11,33
2000-01-12,33
2000-01-13,33
2000-01-14,33
2000-01-15,33
2000-01-16,33
2000-01-17,33
2000-01-18,33
2000-01-19,33
2000-01-20,33
2000-01-21,33
2000-01-22,33
2000-01-23,33
2000-01-24,33
2000-01-25,33
2000-01-26,33
2000-01-27,33
2000-01-28,33
2000-01-29,33
2000-01-30,33
2000-01-31,33
2000-02-01,33
2000-02-02,33
2000-02-03,33
2000-02-04,33
2000-02-05,33
2000-02-06,33
2000-02-07,33
2000-02-08,33
2000-02-09,33
2000-02-10,33
2000-02-11,33
2000-02-12,33
2000-02-13,33
2000-02-14,33
2000-02-15,32
2000-02-16,31
2000-02-17,30
2000-02-18,29
2000-02-19,28
2000-02-20,27
2000-02-21,26
2000-02-22,25
2000-02-23,24
2000-02-24,23
2000-02-25,22
2000-02-26,21
2000-02-27,20
2000-02-28,19
2000-02-29,18
2000-03-01,17
2000-03-02,16
2000-03-03,15
2000-03-04,14
2000-03-05,13
2000-03-06,12
2000-03-07,11
2000-03-08,10
2000-03-09,9
2000-03-10,8
2000-03-11,7
2000-03-12,6
2000-03-13,5
2000-03-14,4
2000-03-15,3
2000-03-16,2
2000-03-17,1
2000-03-18,0
2000-03-19,0
2000-03-20,0
2000-03-21,0
2000-03-22,0
2000-03-23,0
2000-03-24,0
2000-03-25,0
2000-03-26,0
2000-03-27,0
2000-03-28,0
2000-03-29,0
2000-03-30,0
2000-03-31,0
2000-04-01,0
2000-04-02,0
2000-04-03,0
2000-04-04,0
2000-04-05,0
2000-04-06,0
2000-04-07,0
2000-04-08,0
2000-04-09,0
2000-04-10,0
2000-04-11,0
2000-04-12,0
2000-04-13,0
2000-04-14,0
2000-04-15,0
2000-04-16,0
2000-04-17,0
2000-04-18,0
2000-04-19,0
2000-04-20,0
2000-04-21,0
2000-04-22,0
2000-04-23,0
2000-04-24,0
2000-04-25,0
2000-04-26,0
2000-04-27,0
2000-04-28,0
2000-04-29,0
2000-04-30,0
2000-05-01,0
2000-05-02,0
2000-05-03,0
2000-05-04,0
2000-05-05,0
2000-05-06,0
2000-05-07,0
2000-05-08,0
2000-05-09,0
2000-05-10,0
2000-05-11,0
2000-05-12,0
2000-05-13,0
2000-05-14,0
2000-05-15,0
2000-05-16,0
2000-05-17,0
2000-05-18,0
2000-05-19,0
2000-05-20,0
2000-05-21,0
2000-05-22,0
2000-05-23,0
2000-05-24,0
2000-05-25,0
2000-05-26,0
2000-05-27,0
2000-05-28,0
2000-05-29,0
2000-05-30,0
2000-05-31,0
2000-06-01,0
2000-06-02,0
2000-06-03,0
2000-06-04,0
2000-06-05,0
2000-06-06,0
2000-06-07,0
2000-06-08,0
2000-06-09,0
2000-06-10,0
2000-06-11,0
2000-06-12,0
2000-06-13,0
2000-06-14,0
2000-06-15,0
2000-06-16,0
2000-06-17,0
2000-06-18,0
2000-06-19,0
2000-06-20,0
2000-06-21,0
2000-06-22,0
2000-06-23,0
2000-06-24,0
2000-06-25,0
2000-06-26,0
2000-06-27,0
2000-06-28,0
2000-06-29,0
2000-06-30,0
2000-07-01,0
2000-07-02,0
2000-07-03,0
2000-07-04,0
2000-07-05,0
2000-07-06,0
2000-07-07,0
2000-07-08,0
2000-07-09,0
2000-07-10,0
2000-07-11,0
2000-07-12,0
2000-07-13,0
2000-07-14,0
2000-07-15,0
2000-07-16,0
2000-07-17,0
2000-07-18,0
2000-07-19,0
2000-07-20,0
2000-07-21,0
2000-07-22,0
2000-07-23,0
2000-07-24,0
2000-07-25,0
2000-07-26,0
2000-07-27,0
2000-07-28,0
2000-07-29,0
2000-07-30,0
2000-07-31,0
2000-08-01,0
2000-08-02,0
2000-08-03,0
2000-08-04,0
2000-08-05,0
2000-08-06,0
2000-08-07,0
2000-08-08,0
2000-08-09,0
2000-08-10,0
2000-08-11,0
2000-08-12,0
2000-08-13,0
2000-08-14,0
2000-08-15,0
2000-08-16,0
2000-08-17,0
2000-08-18,0
2000-08-19,0
2000-08-20,0
2000-08-21,0
2000-08-22,0
2000-08-23,0
2000-08-24,0
2000-08-25,0
2000-08-26,0
2000-08-27,0
2000-08-28,0
2000-08-29,0
2000-08-30,0
2000-08-31,0
2000-09-01,0
2000-09-02,0
2000-09-03,0
2000-09-04,0
2000-09-05,0
2000-09-06,0
2000-09-07,0
2000-09-08,0
2000-09-09,0
2000-09-10,0
2000-09-11,0
2000-09-12,0
2000-09-13,0
2000-09-14,0
2000-09-15,0
2000-09-16,0
2000-09-17,0
2000-09-18,0
2000-09-19,0
2000-09-20,0
2000-09-21,0
2000-09-22,0
2000-09-23,0
2000-09-24,0
2000-09-25,0
2000-09-26,0
2000-09-27,0
2000-09-28,0
2000-09-29,0
2000-09-30,0
2000-10-01,0
2000-10-02,0
2000-10-03,0
2000-10-04,0
2000-10-05,0
2000-10-06,0
2000-10-07,0
2000-10-08,0
2000-10-09,0
2000-10-10,0
2000-10-11,0
2000-10-12,0
2000-10-13,0
2000-10-14,0
2000-10-15,0
2000-10-16,0
2000-10-17,0
2000-10-18,0
2000-10-19,0
2000-10-20,0
2000-10-21,0
2000-10-22,0
2000-10-23,0
2000-10-24,0
2000-10-25,0
2000-10-26,0
2000-10-27,0
2000-10-28,0
2000-10-29,0
2000-10-30,1
2000-10-31,2
2000-11-01,3
2000-11-02,3
2000-11-03,3
2000-11-04,3
2000-11-05,3
2000-11-06,3
2000-11-07,4
2000-11-08,5
2000-11-09,6
2000-11-10,7
2000-11-11,8
2000-11-12,9
2000-11-13,10
2000-11-14,10
2000-11-15,10
2000-11-16,10
2000-11-17,10
2000-11-18,10
2000-11-19,10
2000-11-20,10
2000-11-21,10
2000-11-22,10
2000-11-23,10
2000-11-24,10
2000-11-25,10
2000-11-26,10
2000-11-27,10
2000-11-28,10
2000-11-29,10
2000-11-30,10
2000-12-01,10
2000-12-02,10
2000-12-03,10
2000-12-04,10
2000-12-05,10
2000-12-06,10
2000-12-07,10
2000-12-08,10
2000-12-09,10
2000-12-10,10
2000-12-11,10
2000-12-12,10
2000-12-13,10
2000-12-14,10
2000-12-15,10
2000-12-16,10
2000-12-17,10
2000-12-18,10
2000-12-19,10
2000-12-20,10
2000-12-21,10
2000-12-22,10
2000-12-23,10
2000-12-24,10
2000-12-25,10
2000-12-26,10
2000-12-27,10
2000-12-28,10
2000-12-29,10
2000-12-30,10
2000-12-31,10
2001-01-01,10
2001-01-02,10
2001-01-03,10
2001-01-04,10
2001-01-05,10
2001-01-06,10
2001-01-07,10
2001-01-08,10
2001-01-09,10
2001-01-10,10
2001-01-11,10
2001-01-12,10
2001-01-13,10
2001-01-14,10
2001-01-15,10
2001-01-16,10
2001-01-17,10
2001-01-18,10
2001-01-19,10
2001-01-20,10
2001-01-21,10
2001-01-22,10
2001-01-23,10
2001-01-24,10
2001-01-25,10
2001-01-26,10
2001-01-27,10
2001-01-28,10
2001-01-29,10
2001-01-30,10
2001-01-31,10
2001-02-01,10
2001-02-02,10
2001-02-03,10
2001-02-04,10
2001-02-05,10
2001-02-06,10
2001-02-07,10
2001-02-08,10
2001-02-09,10
2001-02-10,10
2001-02-11,10
2001-02-12,10
2001-02-13,10
2001-02-14,10
2001-02-15,10
2001-02-16,10
2001-02-17,10
2001-02-18,10
2001-02-19,10
2001-02-20,10
2001-02-21,10
2001-02-22,10
2001-02-23,10
2001-02-24,10
2001-02-25,10
2001-02-26,10
2001-02-27,9
2001-02-28,8
2001-03-01,7
2001-03-02,7
2001-03-03,7
2001-03-04,7
2001-03-05,7
2001-03-06,7
2001-03-07,6
2001-03-08,5
2001-03-09,4
2001-03-10,3
2001-03-11,2
2001-03-12,1
2001-03-13,0
2001-03-14,0
2001-03-15,0
2001-03-16,0
2001-03-17,0
2001-03-18,0
2001-03-19,0
2001-03-20,0
2001-03-21,0
2001-03-22,0
2001-03-23,0
2001-03-24,0
2001-03-25,0
2001-03-26,0
2001-03-27,0
2001-03-28,0
2001-03-29,0
2001-03-30,0
2001-03-31,0
2001-04-01,0
2001-04-02,0
2001-04-03,0
2001-04-04,0
2001-04-05,0
2001-04-06,0
2001-04-07,0
2001-04-08,0
2001-04-09,0
2001-04-10,0
2001-04-11,0
2001-04-12,0
2001-04-13,0
2001-04-14,0
2001-04-15,0
2001-04-16,0
2001-04-17,0
2001-04-18,0
2001-04-19,0
2001-04-20,0
2001-04-21,0
2001-04-22,0
2001-04-23,0
2001-04-24,0
2001-04-25,0
2001-04-26,0
2001-04-27,0
2001-04-28,0
2001-04-29,0
2001-04-30,0
2001-05-01,0
2001-05-02,0
2001-05-03,0
2001-05-04,0
2001-05-05,0
2001-05-06,0
2001-05-07,0
2001-05-08,0
2001-05-09,0
2001-05-10,0
2001-05-11,0
2001-05-12,0
2001-05-13,0
2001-05-14,0
2001-05-15,0
2001-05-16,0
2001-05-17,0
2001-05-18,0
2001-05-19,0
2001-05-20,0
2001-05-21,0
2001-05-22,0
2001-05-23,0
2001-05-24,0
2001-05-25,0
2001-05-26,0
2001-05-27,0
2001-05-28,0
2001-05-29,0
2001-05-30,0
2001-05-31,0
2001-06-01,0
2001-06-02,0
2001-06-03,0
2001-06-04,0
2001-06-05,0
2001-06-06,0
2001-06-07,0
2001-06-08,0
2001-06-09,0
2001-06-10,0
2001-06-11,0
2001-06-12,0
2001-06-13,0
2001-06-14,0
2001-06-15,0
2001-06-16,0
2001-06-17,0
2001-06-18,0
2001-06-19,0
2001-06-20,0
2001-06-21,0
2001-06-22,0
2001-06-23,0
2001-06-24,0
2001-06-25,0
2001-06-26,0
2001-06-27,0
2001-06-28,0
2001-06-29,0
2001-06-30,0
2001-07-01,0
2001-07-02,0
2001-07-03,0
2001-07-04,0
2001-07-05,0
2001-07-06,0
2001-07-07,0
2001-07-08,0
2001-07-09,0
2001-07-10,0
2001-07-11,0
2001-07-12,0
2001-07-13,0
2001-07-14,0
2001-07-15,0
2001-07-16,0
2001-07-17,0
2001-07-18,0
2001-07-19,0
2001-07-20,0
2001-07-21,0
2001-07-22,0
2001-07-23,0
2001-07-24,0
2001-07-25,0
2001-07-26,0
2001-07-27,0
2001-07-28,0
2001-07-29,0
2001-07-30,0
2001-07-31,0
2001-08-01,0
2001-08-02,0
2001-08-03,0
2001-08-04,0
2001-08-05,0
2001-08-06,0
2001-08-07,0
2001-08-08,0
2001-08-09,0
2001-08-10,0
2001-08-11,0
2001-08-12,0
2001-08-13,0
2001-08-14,0
2001-08-15,0
2001-08-16,0
2001-08-17,0
2001-08-18,0
2001-08-19,0
2001-08-20,0
2001-08-21,0
2001-08-22,0
2001-08-23,0
2001-08-24,0
2001-08-25,0
2001-08-26,0
2001-08-27,0
2001-08-28,0
2001-08-29,0
2001-08-30,0
2001-08-31,0
2001-09-01,0
2001-09-02,1
2001-09-03,2
2001-09-04,3
2001-09-05,4
2001-09-06,5
2001-09-07,6
2001-09-08,7
2001-09-09,8
2001-09-10,9
2001-09-11,10
2001-09-12,11
2001-09-13,12
2001-09-14,13
2001-09-15,14
2001-09-16,15
2001-09-17,16
2001-09-18,17
2001-09-19,18
2001-09-20,19
2001-09-21,20
2001-09-22,20
2001-09-23,20
2001-09-24,20
2001-09-25,20
2001-09-26,20
2001-09-27,20
2001-09-28,20
2001-09-29,20
2001-09-30,20
2001-10-01,20
2001-10-02,20
2001-10-03,20
2001-10-04,20
2001-10-05,20
2001-10-06,20
2001-10-07,20
2001-10-08,20
2001-10-09,20
2001-10-10,20
2001-10-11,20
2001-10-12,20
2001-10-13,20
2001-10-14,20
2001-10-15,20
2001-10-16,20
2001-10-17,20
2001-10-18,20
2001-10-19,20
2001-10-20,20
2001-10-21,20
2001-10-22,20
2001-10-23,20
2001-10-24,20
2001-10-25,20
2001-10-26,20
2001-10-27,20
2001-10-28,20
2001-10-29,20
2001-10-30,20
2001-10-31,20
2001-11-01,20
2001-11-02,20
2001-11-03,20
2001-11-04,20
2001-11-05,20
2001-11-06,20
2001-11-07,20
2001-11-08,20
2001-11-09,20
2001-11-10,20
2001-11-11,20
2001-11-12,20
2001-11-13,20
2001-11-14,20
2001-11-15,20
2001-11-16,20
2001-11-17,20
2001-11-18,20
2001-11-19,20
2001-11-20,20
2001-11-21,20
2001-11-22,20
2001-11-23,20
2001-11-24,20
2001-11-25,20
2001-11-26,20
2001-11-27,20
2001-11-28,20
2001-11-29,20
2001-11-30,20
2001-12-01,20
2001-12-02,20
2001-12-03,20
2001-12-04,20
2001-12-05,20
2001-12-06,20
2001-12-07,20
2001-12-08,20
2001-12-09,20
2001-12-10,20
2001-12-11,20
2001-12-12,20
2001-12-13,20
2001-12-14,20
2001-12-15,20
2001-12-16,20
2001-12-17,20
2001-12-18,20
2001-12-19,20
2001-12-20,20
2001-12-21,20
2001-12-22,20
2001-12-23,20
2001-12-24,20
2001-12-25,20
2001-12-26,20
2001-12-27,20
2001-12-28,20
2001-12-29,20
2001-12-30,20
2001-12-31,19
2002-01-01,18
2002-01-02,17
2002-01-03,16
2002-01-04,15
2002-01-05,14
2002-01-06,13
2002-01-07,12
2002-01-08,11
2002-01-09,10
2002-01-10,9
2002-01-11,8
2002-01-12,7
2002-01-13,6
2002-01-14,5
2002-01-15,4
2002-01-16,3
2002-01-17,2
2002-01-18,1
2002-01-19,0
2002-01-20,0
2002-01-21,0
2002-01-22,0
2002-01-23,0
2002-01-24,0
2002-01-25,0
2002-01-26,0
2002-01-27,0
2002-01-28,0
2002-01-29,0
2002-01-30,0
2002-01-31,0
2002-02-01,0
2002-02-02,0
2002-02-03,0
2002-02-04,0
2002-02-05,0
2002-02-06,0
2002-02-07,0
2002-02-08,0
2002-02-09,0
2002-02-10,0
2002-02-11,0
2002-02-12,0
2002-02-13,0
2002-02-14,0
2002-02-15,0
2002-02-16,0
2002-02-17,0
2002-02-18,0
2002-02-19,0
2002-02-20,0
2002-02-21,0
2002-02-22,0
2002-02-23,0
2002-02-24,0
2002-02-25,0
2002-02-26,0
2002-02-27,0
2002-02-28,0
2002-03-01,0
2002-03-02,0
2002-03-03,0
2002-03-04,0
2002-03-05,0
2002-03-06,0
2002-03-07,0
2002-03-08,0
2002-03-09,0
2002-03-10,0
2002-03-11,0
2002-03-12,0
2002-03-13,0
2002-03-14,0
2002-03-15,0
2002-03-16,0
2002-03-17,0
2002-03-18,0
2002-03-19,0
2002-03-20,0
2002-03-21,0
2002-03-22,0
2002-03-23,0
2002-03-24,0
2002-03-25,0
2002-03-26,0
2002-03-27,0
2002-03-28,0
2002-03-29,0
2002-03-30,0
2002-03-31,0
2002-04-01,0
2002-04-02,0
2002-04-03,0
2002-04-04,0
2002-04-05,0
2002-04-06,0
2002-04-07,0
2002-04-08,0
2002-04-09,0
2002-04-10,0
2002-04-11,0
2002-04-12,0
2002-04-13,0
2002-04-14,0
2002-04-15,0
2002-04-16,0
2002-04-17,0
2002-04-18,0
2002-04-19,0
2002-04-20,0
2002-04-21,0
2002-04-22,0
2002-04-23,0
2002-04-24,0
2002-04-25,0
2002-04-26,0
2002-04-27,0
2002-04-28,0
2002-04-29,0
2002-04-30,0
2002-05-01,0
2002-05-02,0
2002-05-03,0
2002-05-04,0
2002-05-05,0
2002-05-06,0
2002-05-07,0
2002-05-08,0
2002-05-09,0
2002-05-10,0
2002-05-11,0
2002-05-12,0
2002-05-13,0
2002-05-14,0
2002-05-15,0
2002-05-16,0
2002-05-17,0
2002-05-18,0
2002-05-19,0
2002-05-20,0
2002-05-21,0
2002-05-22,0
2002-05-23,0
2002-05-24,0
2002-05-25,0
2002-05-26,0
2002-05-27,0
2002-05-28,0
2002-05-29,0
2002-05-30,0
2002-05-31,0
2002-06-01,0
2002-06-02,0
2002-06-03,0
2002-06-04,0
2002-06-05,0
2002-06-06,0
2002-06-07,0
2002-06-08,0
2002-06-09,0
2002-06-10,0
2002-06-11,0
2002-06-12,0
2002-06-13,0
2002-06-14,0
2002-06-15,0
2002-06-16,0
2002-06-17,0
2002-06-18,0
2002-06-19,0
2002-06-20,0
2002-06-21,0
2002-06-22,0
2002-06-23,0
2002-06-24,0
2002-06-25,0
2002-06-26,0
2002-06-27,0
2002-06-28,0
2002-06-29,0
2002-06-30,0
2002-07-01,0
2002-07-02,0
2002-07-03,0
2002-07-04,0
2002-07-05,0
2002-07-06,0
2002-07-07,0
2002-07-08,0
2002-07-09,0
2002-07-10,0
2002-07-11,0
2002-07-12,0
2002-07-13,0
2002-07-14,0
2002-07-15,0
2002-07-16,0
2002-07-17,0
2002-07-18,0
2002-07-19,0
2002-07-20,0
2002-07-21,0
2002-07-22,0
2002-07-23,0
2002-07-24,0
2002-07-25,0
2002-07-26,0
2002-07-27,0
2002-07-28,0
2002-07-29,0
2002-07-30,0
2002-07-31,0
2002-08-01,0
2002-08-02,0
2002-08-03,0
2002-08-04,0
2002-08-05,0
2002-08-06,0
2002-08-07,0
2002-08-08,0
2002-08-09,0
2002-08-10,0
2002-08-11,0
2002-08-12,0
2002-08-13,0
2002-08-14,0
2002-08-15,0
2002-08-16,0
2002-08-17,0
2002-08-18,0
2002-08-19,0
2002-08-20,1
2002-08-21,2
2002-08-22,3
2002-08-23,4
2002-08-24,5
2002-08-25,6
2002-08-26,7
2002-08-27,8
2002-08-28,9
2002-08-29,10
2002-08-30,11
2002-08-31,12
2002-09-01,13
2002-09-02,14
2002-09-03,15
2002-09-04,16
2002-09-05,17
2002-09-06,18
2002-09-07,19
2002-09-08,20
2002-09-09,21
2002-09-10,22
2002-09-11,23
2002-09-12,24
2002-09-13,25
2002-09-14,26
2002-09-15,27
2002-09-16,28
2002-09-17,29
2002-09-18,30
2002-09-19,31
2002-09-20,32
2002-09-21,33
2002-09-22,34
2002-09-23,35
2002-09-24,36
2002-09-25,37
2002-09-26,38
2002-09-27,39
2002-09-28,40
2002-09-29,41
2002-09-30,42
2002-10-01,43
2002-10-02,43
2002-10-03,43
2002-10-04,43
2002-10-05,43
2002-10-06,43
2002-10-07,43
2002-10-08,43
2002-10-09,43
2002-10-10,43
2002-10-11,43
2002-10-12,43
2002-10-13,43
2002-10-14,43
2002-10-15,43
2002-10-16,43
2002-10-17,43
2002-10-18,43
2002-10-19,43
2002-10-20,43
2002-10-21,43
2002-10-22,43
2002-10-23,43
2002-10-24,43
2002-10-25,43
2002-10-26,43
2002-10-27,43
2002-10-28,43
2002-10-29,43
2002-10-30,43
2002-10-31,43
2002-11-01,43
2002-11-02,43
2002-11-03,43
2002-11-04,43
2002-11-05,43
2002-11-06,43
2002-11-07,43
2002-11-08,43
2002-11-09,43
2002-11-10,43
2002-11-11,43
2002-11-12,43
2002-11-13,43
2002-11-14,43
2002-11-15,43
2002-11-16,43
2002-11-17,43
2002-11-18,44
2002-11-19,45
2002-11-20,45
2002-11-21,45
2002-11-22,45
2002-11-23,45
2002-11-24,45
2002-11-25,45
2002-11-26,45
2002-11-27,45
2002-11-28,45
2002-11-29,45
2002-11-30,45
2002-12-01,45
2002-12-02,45
2002-12-03,45
2002-12-04,45
2002-12-05,45
2002-12-06,45
2002-12-07,45
2002-12-08,45
2002-12-09,45
2002-12-10,45
2002-12-11,45
2002-12-12,45
2002-12-13,45
2002-12-14,45
2002-12-15,45
2002-12-16,45
2002-12-17,45
2002-12-18,44
2002-12-19,43
2002-12-20,42
2002-12-21,41
2002-12-22,40
2002-12-23,39
2002-12-24,38
2002-12-25,37
2002-12-26,36
2002-12-27,35
2002-12-28,34
2002-12-29,33
2002-12-30,32
2002-12-31,31
2003-01-01,31
2003-01-02,31
2003-01-03,31
2003-01-04,31
2003-01-05,31
2003-01-06,31
2003-01-07,31
2003-01-08,31
2003-01-09,31
2003-01-10,30
2003-01-11,29
2003-01-12,28
2003-01-13,27
2003-01-14,26
2003-01-15,25
2003-01-16,24
2003-01-17,23
2003-01-18,22
2003-01-19,21
2003-01-20,20
2003-01-21,19
2003-01-22,18
2003-01-23,17
2003-01-24,16
2003-01-25,15
2003-01-26,14
2003-01-27,13
2003-01-28,12
2003-01-29,11
2003-01-30,11
2003-01-31,11
2003-02-01,11
2003-02-02,11
2003-02-03,11
2003-02-04,11
2003-02-05,11
2003-02-06,11
2003-02-07,11
2003-02-08,11
2003-02-09,11
2003-02-10,11
2003-02-11,11
2003-02-12,11
2003-02-13,11
2003-02-14,11
2003-02-15,11
2003-02-16,11
2003-02-17,11
2003-02-18,11
2003-02-19,11
2003-02-20,11
2003-02-21,11
2003-02-22,11
2003-02-23,11
2003-02-24,11
2003-02-25,11
2003-02-26,11
2003-02-27,11
2003-02-28,11
2003-03-01,11
2003-03-02,11
2003-03-03,11
2003-03-04,11
2003-03-05,11
2003-03-06,11
2003-03-07,11
2003-03-08,11
2003-03-09,11
2003-03-10,11
2003-03-11,11
2003-03-12,11
2003-03-13,11
2003-03-14,11
2003-03-15,11
2003-03-16,11
2003-03-17,11
2003-03-18,10
2003-03-19,9
2003-03-20,9
2003-03-21,9
2003-03-22,9
2003-03-23,9
2003-03-24,9
2003-03-25,9
2003-03-26,9
2003-03-27,9
2003-03-28,9
2003-03-29,9
2003-03-30,9
2003-03-31,9
2003-04-01,9
2003-04-02,9
2003-04-03,9
2003-04-04,9
2003-04-05,9
2003-04-06,9
2003-04-07,9
2003-04-08,9
2003-04-09,9
2003-04-10,9
2003-04-11,9
2003-04-12,9
2003-04-13,9
2003-04-14,9
2003-04-15,9
2003-04-16,9
2003-04-17,9
2003-04-18,9
2003-04-19,9
2003-04-20,9
2003-04-21,9
2003-04-22,9
2003-04-23,9
2003-04-24,9
2003-04-25,9
2003-04-26,9
2003-04-27,9
2003-04-28,9
2003-04-29,9
2003-04-30,9
2003-05-01,8
2003-05-02,7
2003-05-03,6
2003-05-04,5
2003-05-05,4
2003-05-06,3
2003-05-07,2
2003-05-08,1
2003-05-09,0
2003-05-10,0
2003-05-11,0
2003-05-12,0
2003-05-13,0
2003-05-14,0
2003-05-15,0
2003-05-16,0
2003-05-17,0
2003-05-18,0
2003-05-19,0
2003-05-20,0
2003-05-21,0
2003-05-22,0
2003-05-23,0
2003-05-24,0
2003-05-25,0
2003-05-26,0
2003-05-27,0
2003-05-28,0
2003-05-29,0
2003-05-30,0
2003-05-31,0
2003-06-01,0
2003-06-02,0
2003-06-03,0
2003-06-04,0
2003-06-05,0
2003-06-06,0
2003-06-07,0
2003-06-08,0
2003-06-09,0
2003-06-10,0
2003-06-11,0
2003-06-12,0
2003-06-13,0
2003-06-14,0
2003-06-15,0
2003-06-16,0
2003-06-17,0
2003-06-18,0
2003-06-19,0
2003-06-20,0
2003-06-21,0
2003-06-22,0
2003-06-23,0
2003-06-24,0
2003-06-25,0
2003-06-26,0
2003-06-27,0
2003-06-28,0
2003-06-29,0
2003-06-30,0
2003-07-01,0
2003-07-02,0
2003-07-03,0
2003-07-04,0
2003-07-05,0
2003-07-06,0
2003-07-07,0
2003-07-08,0
2003-07-09,0
2003-07-10,0
2003-07-11,0
2003-07-12,0
2003-07-13,0
2003-07-14,0
2003-07-15,0
2003-07-16,0
2003-07-17,0
2003-07-18,0
2003-07-19,0
2003-07-20,0
2003-07-21,0
2003-07-22,0
2003-07-23,0
2003-07-24,0
2003-07-25,0
2003-07-26,0
2003-07-27,0
2003-07-28,0
2003-07-29,0
2003-07-30,0
2003-07-31,0
2003-08-01,0
2003-08-02,0
2003-08-03,0
2003-08-04,0
2003-08-05,0
2003-08-06,0
2003-08-07,0
2003-08-08,0
2003-08-09,0
2003-08-10,0
2003-08-11,0
2003-08-12,0
2003-08-13,0
2003-08-14,0
2003-08-15,0
2003-08-16,0
2003-08-17,0
2003-08-18,0
2003-08-19,0
2003-08-20,0
2003-08-21,0
2003-08-22,0
2003-08-23,0
2003-08-24,0
2003-08-25,0
2003-08-26,0
2003-08-27,0
2003-08-28,0
2003-08-29,0
2003-08-30,0
2003-08-31,0
2003-09-01,0
2003-09-02,1
2003-09-03,2
2003-09-04,3
2003-09-05,4
2003-09-06,5
2003-09-07,6
2003-09-08,7
2003-09-09,8
2003-09-10,9
2003-09-11,10
2003-09-12,11
2003-09-13,12
2003-09-14,13
2003-09-15,14
2003-09-16,15
2003-09-17,16
2003-09-18,17
2003-09-19,18
2003-09-20,18
2003-09-21,18
2003-09-22,18
2003-09-23,18
2003-09-24,18
2003-09-25,18
2003-09-26,18
2003-09-27,18
2003-09-28,18
2003-09-29,18
2003-09-30,18
2003-10-01,18
2003-10-02,18
2003-10-03,18
2003-10-04,18
2003-10-05,18
2003-10-06,18
2003-10-07,18
2003-10-08,18
2003-10-09,18
2003-10-10,18
2003-10-11,18
2003-10-12,18
2003-10-13,18
2003-10-14,18
2003-10-15,18
2003-10-16,18
2003-10-17,18
2003-10-18,18
2003-10-19,18
2003-10-20,18
2003-10-21,18
2003-10-22,19
2003-10-23,20
2003-10-24,21
2003-10-25,22
2003-10-26,23
2003-10-27,24
2003-10-28,25
2003-10-29,26
2003-10-30,27
2003-10-31,28
2003-11-01,29
2003-11-02,30
2003-11-03,31
2003-11-04,32
2003-11-05,33
2003-11-06,34
2003-11-07,35
2003-11-08,36
2003-11-09,37
2003-11-10,38
2003-11-11,39
2003-11-12,40
2003-11-13,41
2003-11-14,42
2003-11-15,43
2003-11-16,44
2003-11-17,44
2003-11-18,44
2003-11-19,44
2003-11-20,44
2003-11-21,44
2003-11-22,44
2003-11-23,44
2003-11-24,44
2003-11-25,44
2003-11-26,44
2003-11-27,44
2003-11-28,44
2003-11-29,44
2003-11-30,44
2003-12-01,44
2003-12-02,44
2003-12-03,44
2003-12-04,44
2003-12-05,44
2003-12-06,44
2003-12-07,44
2003-12-08,44
2003-12-09,44
2003-12-10,44
2003-12-11,44
2003-12-12,44
2003-12-13,44
2003-12-14,44
2003-12-15,44
2003-12-16,44
2003-12-17,44
2003-12-18,44
2003-12-19,44
2003-12-20,44
2003-12-21,44
2003-12-22,44
2003-12-23,44
2003-12-24,44
2003-12-25,44
2003-12-26,44
2003-12-27,44
2003-12-28,44
2003-12-29,44
2003-12-30,44
2003-12-31,43
2004-01-01,42
2004-01-02,41
2004-01-03,40
2004-01-04,39
2004-01-05,38
2004-01-06,37
2004-01-07,36
2004-01-08,35
2004-01-09,34
2004-01-10,33
2004-01-11,32
2004-01-12,31
2004-01-13,30
2004-01-14,29
2004-01-15,28
2004-01-16,27
2004-01-17,26
2004-01-18,26
2004-01-19,26
2004-01-20,26
2004-01-21,26
2004-01-22,26
2004-01-23,26
2004-01-24,26
2004-01-25,26
2004-01-26,26
2004-01-27,26
2004-01-28,26
2004-01-29,26
2004-01-30,26
2004-01-31,26
2004-02-01,26
2004-02-02,26
2004-02-03,26
2004-02-04,26
2004-02-05,26
2004-02-06,26
2004-02-07,26
2004-02-08,26
2004-02-09,26
2004-02-10,26
2004-02-11,26
2004-02-12,26
2004-02-13,26
2004-02-14,26
2004-02-15,26
2004-02-16,26
2004-02-17,26
2004-02-18,26
2004-02-19,25
2004-02-20,24
2004-02-21,23
2004-02-22,22
2004-02-23,21
2004-02-24,20
2004-02-25,19
2004-02-26,18
2004-02-27,17
2004-02-28,16
2004-02-29,15
2004-03-01,14
2004-03-02,13
2004-03-03,12
2004-03-04,11
2004-03-05,10
2004-03-06,9
2004-03-07,8
2004-03-08,7
2004-03-09,6
2004-03-10,5
2004-03-11,4
2004-03-12,3
2004-03-13,2
2004-03-14,1
2004-03-15,0
2004-03-16,0
2004-03-17,0
2004-03-18,0
2004-03-19,0
2004-03-20,0
2004-03-21,0
2004-03-22,0
2004-03-23,0
2004-03-24,0
2004-03-25,0
2004-03-26,0
2004-03-27,0
2004-03-28,0
2004-03-29,0
2004-03-30,0
2004-03-31,0
2004-04-01,0
2004-04-02,0
2004-04-03,0
2004-04-04,0
2004-04-05,0
2004-04-06,0
2004-04-07,0
2004-04-08,0
2004-04-09,0
2004-04-10,0
2004-04-11,0
2004-04-12,0
2004-04-13,0
2004-04-14,0
2004-04-15,0
2004-04-16,0
2004-04-17,0
2004-04-18,0
2004-04-19,0
2004-04-20,0
2004-04-21,0
2004-04-22,0
2004-04-23,0
2004-04-24,0
2004-04-25,0
2004-04-26,0
2004-04-27,0
2004-04-28,0
2004-04-29,0
2004-04-30,0
2004-05-01,0
2004-05-02,0
2004-05-03,0
2004-05-04,0
2004-05-05,0
2004-05-06,0
2004-05-07,0
2004-05-08,0
2004-05-09,0
2004-05-10,0
2004-05-11,0
2004-05-12,0
2004-05-13,0
2004-05-14,0
2004-05-15,0
2004-05-16,0
2004-05-17,0
2004-05-18,0
2004-05-19,0
2004-05-20,0
2004-05-21,0
2004-05-22,0
2004-05-23,0
2004-05-24,0
2004-05-25,0
2004-05-26,0
2004-05-27,0
2004-05-28,0
2004-05-29,0
2004-05-30,0
2004-05-31,0
2004-06-01,0
2004-06-02,0
2004-06-03,0
2004-06-04,0
2004-06-05,0
2004-06-06,0
2004-06-07,0
2004-06-08,0
2004-06-09,0
2004-06-10,0
2004-06-11,0
2004-06-12,0
2004-06-13,0
2004-06-14,0
2004-06-15,0
2004-06-16,0
2004-06-17,0
2004-06-18,0
2004-06-19,0
2004-06-20,0
2004-06-21,0
2004-06-22,0
2004-06-23,0
2004-06-24,0
2004-06-25,0
2004-06-26,0
2004-06-27,0
2004-06-28,0
2004-06-29,0
2004-06-30,0
2004-07-01,0
2004-07-02,0
2004-07-03,0
2004-07-04,0
2004-07-05,0
2004-07-06,0
2004-07-07,0
2004-07-08,0
2004-07-09,0
2004-07-10,0
2004-07-11,0
2004-07-12,0
2004-07-13,0
2004-07-14,0
2004-07-15,0
2004-07-16,0
2004-07-17,0
2004-07-18,0
2004-07-19,0
2004-07-20,0
2004-07-21,0
2004-07-22,0
2004-07-23,0
2004-07-24,0
2004-07-25,0
2004-07-26,0
2004-07-27,0
2004-07-28,0
2004-07-29,0
2004-07-30,0
2004-07-31,0
2004-08-01,0
2004-08-02,0
2004-08-03,0
2004-08-04,0
2004-08-05,0
2004-08-06,0
2004-08-07,0
2004-08-08,0
2004-08-09,0
2004-08-10,0
2004-08-11,0
2004-08-12,0
2004-08-13,0
2004-08-14,0
2004-08-15,0
2004-08-16,0
2004-08-17,0
2004-08-18,0
2004-08-19,0
2004-08-20,0
2004-08-21,0
2004-08-22,0
2004-08-23,0
2004-08-24,0
2004-08-25,0
2004-08-26,0
2004-08-27,0
2004-08-28,0
2004-08-29,0
2004-08-30,0
2004-08-31,0
2004-09-01,0
2004-09-02,0
2004-09-03,0
2004-09-04,1
2004-09-05,2
2004-09-06,3
2004-09-07,4
2004-09-08,5
2004-09-09,6
2004-09-10,7
2004-09-11,8
2004-09-12,9
2004-09-13,10
2004-09-14,11
2004-09-15,12
2004-09-16,13
2004-09-17,14
2004-09-18,15
2004-09-19,16
2004-09-20,16
2004-09-21,16
2004-09-22,16
2004-09-23,16
2004-09-24,16
2004-09-25,16
2004-09-26,16
2004-09-27,16
2004-09-28,16
2004-09-29,16
2004-09-30,16
2004-10-01,16
2004-10-02,16
2004-10-03,16
2004-10-04,16
2004-10-05,16
2004-10-06,16
2004-10-07,16
2004-10-08,16
2004-10-09,16
2004-10-10,16
2004-10-11,16
2004-10-12,16
2004-10-13,16
2004-10-14,16
2004-10-15,16
2004-10-16,16
2004-10-17,16
2004-10-18,16
2004-10-19,16
2004-10-20,16
2004-10-21,16
2004-10-22,16
2004-10-23,16
2004-10-24,16
2004-10-25,16
2004-10-26,16
2004-10-27,16
2004-10-28,16
2004-10-29,16
2004-10-30,16
2004-10-31,16
2004-11-01,16
2004-11-02,16
2004-11-03,16
2004-11-04,16
2004-11-05,16
2004-11-06,16
2004-11-07,16
2004-11-08,16
2004-11-09,16
2004-11-10,16
2004-11-11,16
2004-11-12,16
2004-11-13,16
2004-11-14,16
2004-11-15,16
2004-11-16,16
2004-11-17,16
2004-11-18,16
2004-11-19,16
2004-11-20,16
2004-11-21,16
2004-11-22,16
2004-11-23,16
2004-11-24,16
2004-11-25,16
2004-11-26,16
2004-11-27,16
2004-11-28,16
2004-11-29,16
2004-11-30,16
2004-12-01,16
2004-12-02,16
2004-12-03,16
2004-12-04,16
2004-12-05,16
2004-12-06,16
2004-12-07,16
2004-12-08,16
2004-12-09,16
2004-12-10,16
2004-12-11,16
2004-12-12,16
2004-12-13,16
2004-12-14,16
2004-12-15,16
2004-12-16,16
2004-12-17,16
2004-12-18,16
2004-12-19,16
2004-12-20,16
2004-12-21,16
2004-12-22,16
2004-12-23,16
2004-12-24,16
2004-12-25,16
2004-12-26,16
2004-12-27,16
2004-12-28,16
2004-12-29,16
2004-12-30,16
2004-12-31,16
2005-01-01,16
2005-01-02,15
2005-01-03,14
2005-01-04,13
2005-01-05,12
2005-01-06,11
2005-01-07,10
2005-01-08,9
2005-01-09,8
2005-01-10,7
2005-01-11,6
2005-01-12,5
2005-01-13,4
2005-01-14,3
2005-01-15,2
2005-01-16,1
2005-01-17,0
2005-01-18,0
2005-01-19,0
2005-01-20,0
2005-01-21,0
2005-01-22,0
2005-01-23,1
2005-01-24,2
2005-01-25,3
2005-01-26,3
2005-01-27,3
2005-01-28,3
2005-01-29,3
2005-01-30,3
2005-01-31,3
2005-02-01,3
2005-02-02,3
2005-02-03,3
2005-02-04,3
2005-02-05,3
2005-02-06,3
2005-02-07,3
2005-02-08,3
2005-02-09,3
2005-02-10,3
2005-02-11,3
2005-02-12,3
2005-02-13,3
2005-02-14,3
2005-02-15,3
2005-02-16,3
2005-02-17,3
2005-02-18,3
2005-02-19,3
2005-02-20,3
2005-02-21,3
2005-02-22,3
2005-02-23,3
2005-02-24,3
2005-02-25,3
2005-02-26,3
2005-02-27,3
2005-02-28,3
2005-03-01,3
2005-03-02,3
2005-03-03,3
2005-03-04,3
2005-03-05,3
2005-03-06,3
2005-03-07,3
2005-03-08,3
2005-03-09,3
2005-03-10,3
2005-03-11,3
2005-03-12,3
2005-03-13,3
2005-03-14,3
2005-03-15,3
2005-03-16,3
2005-03-17,3
2005-03-18,3
2005-03-19,3
2005-03-20,3
2005-03-21,3
2005-03-22,3
2005-03-23,3
2005-03-24,3
2005-03-25,3
2005-03-26,3
2005-03-27,3
2005-03-28,3
2005-03-29,3
2005-03-30,3
2005-03-31,3
2005-04-01,3
2005-04-02,3
2005-04-03,3
2005-04-04,3
2005-04-05,3
2005-04-06,3
2005-04-07,3
2005-04-08,3
2005-04-09,3
2005-04-10,3
2005-04-11,3
2005-04-12,3
2005-04-13,3
2005-04-14,3
2005-04-15,3
2005-04-16,3
2005-04-17,3
2005-04-18,3
2005-04-19,3
2005-04-20,3
2005-04-21,3
2005-04-22,3
2005-04-23,3
2005-04-24,3
2005-04-25,3
2005-04-26,3
2005-04-27,3
2005-04-28,3
2005-04-29,3
2005-04-30,3
2005-05-01,3
2005-05-02,3
2005-05-03,3
2005-05-04,3
2005-05-05,3
2005-05-06,3
2005-05-07,3
2005-05-08,3
2005-05-09,3
2005-05-10,3
2005-05-11,3
2005-05-12,3
2005-05-13,3
2005-05-14,3
2005-05-15,3
2005-05-16,3
2005-05-17,3
2005-05-18,3
2005-05-19,3
2005-05-20,3
2005-05-21,3
2005-05-22,3
2005-05-23,2
2005-05-24,1
2005-05-25,0
2005-05-26,0
2005-05-27,0
2005-05-28,0
2005-05-29,0
2005-05-30,0
2005-05-31,0
2005-06-01,0
2005-06-02,0
2005-06-03,0
2005-06-04,0
2005-06-05,0
2005-06-06,0
2005-06-07,0
2005-06-08,0
2005-06-09,0
2005-06-10,0
2005-06-11,0
2005-06-12,0
2005-06-13,0
2005-06-14,0
2005-06-15,0
2005-06-16,0
2005-06-17,0
2005-06-18,0
2005-06-19,0
2005-06-20,0
2005-06-21,0
2005-06-22,0
2005-06-23,0
2005-06-24,0
2005-06-25,0
2005-06-26,0
2005-06-27,0
2005-06-28,0
2005-06-29,0
2005-06-30,0
2005-07-01,0
2005-07-02,0
2005-07-03,0
2005-07-04,0
2005-07-05,0
2005-07-06,0
2005-07-07,0
2005-07-08,0
2005-07-09,0
2005-07-10,0
2005-07-11,0
2005-07-12,0
2005-07-13,0
2005-07-14,0
2005-07-15,0
2005-07-16,0
2005-07-17,0
2005-07-18,0
2005-07-19,0
2005-07-20,0
2005-07-21,0
2005-07-22,0
2005-07-23,0
2005-07-24,0
2005-07-25,0
2005-07-26,0
2005-07-27,0
2005-07-28,0
2005-07-29,0
2005-07-30,0
2005-07-31,0
2005-08-01,0
2005-08-02,0
2005-08-03,0
2005-08-04,0
2005-08-05,0
2005-08-06,0
2005-08-07,0
2005-08-08,0
2005-08-09,0
2005-08-10,0
2005-08-11,0
2005-08-12,0
2005-08-13,0
2005-08-14,0
2005-08-15,0
2005-08-16,0
2005-08-17,0
2005-08-18,0
2005-08-19,0
2005-08-20,0
2005-08-21,0
2005-08-22,0
2005-08-23,0
2005-08-24,0
2005-08-25,0
2005-08-26,0
2005-08-27,0
2005-08-28,0
2005-08-29,1
2005-08-30,2
2005-08-31,3
2005-09-01,4
2005-09-02,5
2005-09-03,6
2005-09-04,7
2005-09-05,8
2005-09-06,9
2005-09-07,10
2005-09-08,11
2005-09-09,12
2005-09-10,13
2005-09-11,14
2005-09-12,15
2005-09-13,16
2005-09-14,17
2005-09-15,18
2005-09-16,19
2005-09-17,20
2005-09-18,21
2005-09-19,22
2005-09-20,23
2005-09-21,24
2005-09-22,25
2005-09-23,26
2005-09-24,27
2005-09-25,28
2005-09-26,29
2005-09-27,30
2005-09-28,31
2005-09-29,32
2005-09-30,33
2005-10-01,34
2005-10-02,35
2005-10-03,36
2005-10-04,36
2005-10-05,36
2005-10-06,36
2005-10-07,36
2005-10-08,36
2005-10-09,37
2005-10-10,38
2005-10-11,39
2005-10-12,40
2005-10-13,41
2005-10-14,42
2005-10-15,43
2005-10-16,43
2005-10-17,43
2005-10-18,43
2005-10-19,43
2005-10-20,43
2005-10-21,43
2005-10-22,43
2005-10-23,43
2005-10-24,43
2005-10-25,43
2005-10-26,43
2005-10-27,43
2005-10-28,43
2005-10-29,43
2005-10-30,43
2005-10-31,43
2005-11-01,44
2005-11-02,45
2005-11-03,46
2005-11-04,47
2005-11-05,48
2005-11-06,49
2005-11-07,50
2005-11-08,51
2005-11-09,52
2005-11-10,53
2005-11-11,54
2005-11-12,55
2005-11-13,56
2005-11-14,57
2005-11-15,58
2005-11-16,59
2005-11-17,60
2005-11-18,61
2005-11-19,62
2005-11-20,63
2005-11-21,64
2005-11-22,65
2005-11-23,66
2005-11-24,67
2005-11-25,68
2005-11-26,69
2005-11-27,70
2005-11-28,71
2005-11-29,72
2005-11-30,73
2005-12-01,74
2005-12-02,75
2005-12-03,76
2005-12-04,77
2005-12-05,78
2005-12-06,79
2005-12-07,80
2005-12-08,81
2005-12-09,82
2005-12-10,83
2005-12-11,84
2005-12-12,85
2005-12-13,86
2005-12-14,87
2005-12-15,88
2005-12-16,89
2005-12-17,90
2005-12-18,91
2005-12-19,92
2005-12-20,93
2005-12-21,94
2005-12-22,95
2005-12-23,96
2005-12-24,97
2005-12-25,98
2005-12-26,99
2005-12-27,99
2005-12-28,99
2005-12-29,99
2005-12-30,99
2005-12-31,99
2006-01-01,99
2006-01-02,99
2006-01-03,99
2006-01-04,99
2006-01-05,99
2006-01-06,99
2006-01-07,98
2006-01-08,97
2006-01-09,96
2006-01-10,95
2006-01-11,94
2006-01-12,93
2006-01-13,92
2006-01-14,91
2006-01-15,90
2006-01-16,89
2006-01-17,88
2006-01-18,87
2006-01-19,86
2006-01-20,85
2006-01-21,84
2006-01-22,83
2006-01-23,82
2006-01-24,81
2006-01-25,80
2006-01-26,79
2006-01-27,78
2006-01-28,77
2006-01-29,76
2006-01-30,75
2006-01-31,74
2006-02-01,74
2006-02-02,74
2006-02-03,74
2006-02-04,74
2006-02-05,74
2006-02-06,73
2006-02-07,72
2006-02-08,71
2006-02-09,70
2006-02-10,69
2006-02-11,68
2006-02-12,67
2006-02-13,67
2006-02-14,67
2006-02-15,67
2006-02-16,67
2006-02-17,67
2006-02-18,67
2006-02-19,67
2006-02-20,67
2006-02-21,67
2006-02-22,67
2006-02-23,67
2006-02-24,67
2006-02-25,67
2006-02-26,67
2006-02-27,67
2006-02-28,67
2006-03-01,66
2006-03-02,65
2006-03-03,64
2006-03-04,63
2006-03-05,62
2006-03-06,61
2006-03-07,60
2006-03-08,59
2006-03-09,58
2006-03-10,57
2006-03-11,56
2006-03-12,55
2006-03-13,54
2006-03-14,53
2006-03-15,52
2006-03-16,51
2006-03-17,50
2006-03-18,49
2006-03-19,48
2006-03-20,47
2006-03-21,46
2006-03-22,45
2006-03-23,44
2006-03-24,43
2006-03-25,42
2006-03-26,41
2006-03-27,40
2006-03-28,39
2006-03-29,38
2006-03-30,37
2006-03-31,36
2006-04-01,35
2006-04-02,34
2006-04-03,33
2006-04-04,32
2006-04-05,31
2006-04-06,30
2006-04-07,29
2006-04-08,28
2006-04-09,27
2006-04-10,26
2006-04-11,25
2006-04-12,24
2006-04-13,23
2006-04-14,22
2006-04-15,21
2006-04-16,20
2006-04-17,19
2006-04-18,18
2006-04-19,17
2006-04-20,16
2006-04-21,15
2006-04-22,14
2006-04-23,13
2006-04-24,12
2006-04-25,11
2006-04-26,10
2006-04-27,9
2006-04-28,8
2006-04-29,7
2006-04-30,6
2006-05-01,5
2006-05-02,4
2006-05-03,3
2006-05-04,2
2006-05-05,1
2006-05-06,0
2006-05-07,0
2006-05-08,0
2006-05-09,0
2006-05-10,0
2006-05-11,0
2006-05-12,0
2006-05-13,0
2006-05-14,0
2006-05-15,0
2006-05-16,0
2006-05-17,0
2006-05-18,0
2006-05-19,0
2006-05-20,0
2006-05-21,0
2006-05-22,0
2006-05-23,0
2006-05-24,0
2006-05-25,0
2006-05-26,0
2006-05-27,0
2006-05-28,0
2006-05-29,0
2006-05-30,0
2006-05-31,0
2006-06-01,0
2006-06-02,0
2006-06-03,0
2006-06-04,0
2006-06-05,0
2006-06-06,0
2006-06-07,0
2006-06-08,0
2006-06-09,0
2006-06-10,0
2006-06-11,0
2006-06-12,0
2006-06-13,0
2006-06-14,0
2006-06-15,0
2006-06-16,0
2006-06-17,0
2006-06-18,0
2006-06-19,0
2006-06-20,0
2006-06-21,0
2006-06-22,0
2006-06-23,0
2006-06-24,0
2006-06-25,0
2006-06-26,0
2006-06-27,0
2006-06-28,0
2006-06-29,0
2006-06-30,0
2006-07-01,0
2006-07-02,0
2006-07-03,0
2006-07-04,0
2006-07-05,0
2006-07-06,0
2006-07-07,0
2006-07-08,0
2006-07-09,0
2006-07-10,0
2006-07-11,0
2006-07-12,0
2006-07-13,0
2006-07-14,0
2006-07-15,0
2006-07-16,0
2006-07-17,0
2006-07-18,0
2006-07-19,0
2006-07-20,0
2006-07-21,0
2006-07-22,0
2006-07-23,0
2006-07-24,0
2006-07-25,0
2006-07-26,0
2006-07-27,0
2006-07-28,0
2006-07-29,0
2006-07-30,0
2006-07-31,0
2006-08-01,0
2006-08-02,0
2006-08-03,0
2006-08-04,0
2006-08-05,0
2006-08-06,0
2006-08-07,0
2006-08-08,0
2006-08-09,0
2006-08-10,0
2006-08-11,0
2006-08-12,0
2006-08-13,0
2006-08-14,0
2006-08-15,0
2006-08-16,0
2006-08-17,0
2006-08-18,0
2006-08-19,0
2006-08-20,0
2006-08-21,0
2006-08-22,0
2006-08-23,0
2006-08-24,0
2006-08-25,0
2006-08-26,0
2006-08-27,0
2006-08-28,0
2006-08-29,0
2006-08-30,0
2006-08-31,0
2006-09-01,0
2006-09-02,0
2006-09-03,0
2006-09-04,0
2006-09-05,0
2006-09-06,0
2006-09-07,0
2006-09-08,0
2006-09-09,0
2006-09-10,0
2006-09-11,0
2006-09-12,0
2006-09-13,0
2006-09-14,0
2006-09-15,0
2006-09-16,0
2006-09-17,0
2006-09-18,0
2006-09-19,0
2006-09-20,0
2006-09-21,0
2006-09-22,0
2006-09-23,0
2006-09-24,0
2006-09-25,0
2006-09-26,0
2006-09-27,0
2006-09-28,0
2006-09-29,0
2006-09-30,0
2006-10-01,0
2006-10-02,0
2006-10-03,0
2006-10-04,0
2006-10-05,0
2006-10-06,0
2006-10-07,0
2006-10-08,0
2006-10-09,0
2006-10-10,0
2006-10-11,0
2006-10-12,0
2006-10-13,0
2006-10-14,0
2006-10-15,0
2006-10-16,0
2006-10-17,0
2006-10-18,0
2006-10-19,0
2006-10-20,0
2006-10-21,0
2006-10-22,0
2006-10-23,0
2006-10-24,0
2006-10-25,0
2006-10-26,0
2006-10-27,0
2006-10-28,0
2006-10-29,0
2006-10-30,0
2006-10-31,0
2006-11-01,0
2006-11-02,0
2006-11-03,0
2006-11-04,0
2006-11-05,0
2006-11-06,0
2006-11-07,0
2006-11-08,0
2006-11-09,0
2006-11-10,0
2006-11-11,0
2006-11-12,0
2006-11-13,0
2006-11-14,0
2006-11-15,0
2006-11-16,0
2006-11-17,0
2006-11-18,0
2006-11-19,0
2006-11-20,0
2006-11-21,0
2006-11-22,0
2006-11-23,0
2006-11-24,0
2006-11-25,0
2006-11-26,0
2006-11-27,0
2006-11-28,0
2006-11-29,0
2006-11-30,0
2006-12-01,0
2006-12-02,0
2006-12-03,0
2006-12-04,0
2006-12-05,0
2006-12-06,0
2006-12-07,0
2006-12-08,0
2006-12-09,0
2006-12-10,0
2006-12-11,0
2006-12-12,0
2006-12-13,0
2006-12-14,0
2006-12-15,0
2006-12-16,0
2006-12-17,0
2006-12-18,0
2006-12-19,0
2006-12-20,0
2006-12-21,0
2006-12-22,0
2006-12-23,0
2006-12-24,0
2006-12-25,0
2006-12-26,0
2006-12-27,0
2006-12-28,0
2006-12-29,0
2006-12-30,0
2006-12-31,0
2007-01-01,0
2007-01-02,0
2007-01-03,0
2007-01-04,0
2007-01-05,0
2007-01-06,0
2007-01-07,0
2007-01-08,0
2007-01-09,0
2007-01-10,0
2007-01-11,0
2007-01-12,0
2007-01-13,0
2007-01-14,0
2007-01-15,0
2007-01-16,0
2007-01-17,0
2007-01-18,0
2007-01-19,0
2007-01-20,0
2007-01-21,0
2007-01-22,0
2007-01-23,0
2007-01-24,0
2007-01-25,0
2007-01-26,0
2007-01-27,0
2007-01-28,0
2007-01-29,0
2007-01-30,0
2007-01-31,0
2007-02-01,0
2007-02-02,0
2007-02-03,0
2007-02-04,0
2007-02-05,0
2007-02-06,0
2007-02-07,0
2007-02-08,0
2007-02-09,0
2007-02-10,0
2007-02-11,0
2007-02-12,0
2007-02-13,0
2007-02-14,0
2007-02-15,0
2007-02-16,0
2007-02-17,0
2007-02-18,0
2007-02-19,0
2007-02-20,0
2007-02-21,0
2007-02-22,0
2007-02-23,0
2007-02-24,0
2007-02-25,0
2007-02-26,0
2007-02-27,0
2007-02-28,0
2007-03-01,0
2007-03-02,0
2007-03-03,0
2007-03-04,0
2007-03-05,0
2007-03-06,0
2007-03-07,0
2007-03-08,0
2007-03-09,0
2007-03-10,0
2007-03-11,0
2007-03-12,0
2007-03-13,0
2007-03-14,0
2007-03-15,0
2007-03-16,0
2007-03-17,0
2007-03-18,0
2007-03-19,0
2007-03-20,0
2007-03-21,0
2007-03-22,0
2007-03-23,0
2007-03-24,0
2007-03-25,0
2007-03-26,0
2007-03-27,0
2007-03-28,0
2007-03-29,0
2007-03-30,0
2007-03-31,0
2007-04-01,0
2007-04-02,0
2007-04-03,0
2007-04-04,0
2007-04-05,0
2007-04-06,0
2007-04-07,0
2007-04-08,0
2007-04-09,0
2007-04-10,0
2007-04-11,0
2007-04-12,0
2007-04-13,0
2007-04-14,0
2007-04-15,0
2007-04-16,0
2007-04-17,0
2007-04-18,0
2007-04-19,0
2007-04-20,0
2007-04-21,0
2007-04-22,0
2007-04-23,0
2007-04-24,0
2007-04-25,0
2007-04-26,0
2007-04-27,0
2007-04-28,0
2007-04-29,0
2007-04-30,0
2007-05-01,0
2007-05-02,0
2007-05-03,0
2007-05-04,0
2007-05-05,0
2007-05-06,0
2007-05-07,0
2007-05-08,0
2007-05-09,0
2007-05-10,0
2007-05-11,0
2007-05-12,0
2007-05-13,0
2007-05-14,0
2007-05-15,0
2007-05-16,0
2007-05-17,0
2007-05-18,0
2007-05-19,0
2007-05-20,0
2007-05-21,0
2007-05-22,0
2007-05-23,0
2007-05-24,0
2007-05-25,0
2007-05-26,0
2007-05-27,0
2007-05-28,0
2007-05-29,0
2007-05-30,0
2007-05-31,0
2007-06-01,0
2007-06-02,0
2007-06-03,0
2007-06-04,0
2007-06-05,0
2007-06-06,0
2007-06-07,0
2007-06-08,0
2007-06-09,0
2007-06-10,0
2007-06-11,0
2007-06-12,0
2007-06-13,0
2007-06-14,0
2007-06-15,0
2007-06-16,0
2007-06-17,0
2007-06-18,0
2007-06-19,0
2007-06-20,0
2007-06-21,0
2007-06-22,0
2007-06-23,0
2007-06-24,0
2007-06-25,0
2007-06-26,0
2007-06-27,0
2007-06-28,0
2007-06-29,0
2007-06-30,0
2007-07-01,0
2007-07-02,0
2007-07-03,0
2007-07-04,0
2007-07-05,0
2007-07-06,0
2007-07-07,0
2007-07-08,0
2007-07-09,0
2007-07-10,0
2007-07-11,0
2007-07-12,0
2007-07-13,0
2007-07-14,0
2007-07-15,0
2007-07-16,0
2007-07-17,0
2007-07-18,0
2007-07-19,0
2007-07-20,0
2007-07-21,0
2007-07-22,0
2007-07-23,0
2007-07-24,0
2007-07-25,0
2007-07-26,0
2007-07-27,0
2007-07-28,0
2007-07-29,0
2007-07-30,0
2007-07-31,0
2007-08-01,0
2007-08-02,0
2007-08-03,0
2007-08-04,0
2007-08-05,0
2007-08-06,0
2007-08-07,0
2007-08-08,0
2007-08-09,0
2007-08-10,0
2007-08-11,0
2007-08-12,0
2007-08-13,0
2007-08-14,0
2007-08-15,0
2007-08-16,0
2007-08-17,0
2007-08-18,0
2007-08-19,0
2007-08-20,0
2007-08-21,0
2007-08-22,0
2007-08-23,0
2007-08-24,0
2007-08-25,0
2007-08-26,0
2007-08-27,0
2007-08-28,0
2007-08-29,0
2007-08-30,0
2007-08-31,0
2007-09-01,0
2007-09-02,0
2007-09-03,0
2007-09-04,0
2007-09-05,0
2007-09-06,0
2007-09-07,0
2007-09-08,0
2007-09-09,0
2007-09-10,0
2007-09-11,0
2007-09-12,0
2007-09-13,0
2007-09-14,0
2007-09-15,0
2007-09-16,0
2007-09-17,0
2007-09-18,0
2007-09-19,0
2007-09-20,0
2007-09-21,0
2007-09-22,0
2007-09-23,0
2007-09-24,0
2007-09-25,0
2007-09-26,0
2007-09-27,0
2007-09-28,0
2007-09-29,0
2007-09-30,1
2007-10-01,2
2007-10-02,3
2007-10-03,4
2007-10-04,5
2007-10-05,6
2007-10-06,7
2007-10-07,8
2007-10-08,8
2007-10-09,8
2007-10-10,8
2007-10-11,8
2007-10-12,8
2007-10-13,8
2007-10-14,8
2007-10-15,8
2007-10-16,8
2007-10-17,8
2007-10-18,8
2007-10-19,8
2007-10-20,8
2007-10-21,8
2007-10-22,8
2007-10-23,8
2007-10-24,8
2007-10-25,8
2007-10-26,8
2007-10-27,8
2007-10-28,8
2007-10-29,8
2007-10-30,8
2007-10-31,8
2007-11-01,8
2007-11-02,8
2007-11-03,8
2007-11-04,8
2007-11-05,8
2007-11-06,8
2007-11-07,8
2007-11-08,8
2007-11-09,8
2007-11-10,8
2007-11-11,8
2007-11-12,8
2007-11-13,8
2007-11-14,8
2007-11-15,8
2007-11-16,8
2007-11-17,8
2007-11-18,8
2007-11-19,8
2007-11-20,8
2007-11-21,8
2007-11-22,8
2007-11-23,8
2007-11-24,8
2007-11-25,8
2007-11-26,8
2007-11-27,8
2007-11-28,8
2007-11-29,8
2007-11-30,8
2007-12-01,8
2007-12-02,8
2007-12-03,8
2007-12-04,8
2007-12-05,8
2007-12-06,8
2007-12-07,8
2007-12-08,8
2007-12-09,8
2007-12-10,8
2007-12-11,8
2007-12-12,8
2007-12-13,8
2007-12-14,8
2007-12-15,8
2007-12-16,8
2007-12-17,8
2007-12-18,8
2007-12-19,8
2007-12-20,8
2007-12-21,8
2007-12-22,8
2007-12-23,8
2007-12-24,8
2007-12-25,8
2007-12-26,8
2007-12-27,8
2007-12-28,8
2007-12-29,8
2007-12-30,8
2007-12-31,8
2008-01-01,8
2008-01-02,8
2008-01-03,8
2008-01-04,8
2008-01-05,8
2008-01-06,8
2008-01-07,8
2008-01-08,8
2008-01-09,8
2008-01-10,8
2008-01-11,8
2008-01-12,8
2008-01-13,8
2008-01-14,8
2008-01-15,8
2008-01-16,8
2008-01-17,8
2008-01-18,8
2008-01-19,8
2008-01-20,8
2008-01-21,8
2008-01-22,8
2008-01-23,8
2008-01-24,8
2008-01-25,8
2008-01-26,8
2008-01-27,8
2008-01-28,7
2008-01-29,6
2008-01-30,5
2008-01-31,4
2008-02-01,3
2008-02-02,2
2008-02-03,1
2008-02-04,0
2008-02-05,0
2008-02-06,0
2008-02-07,0
2008-02-08,0
2008-02-09,0
2008-02-10,0
2008-02-11,0
2008-02-12,0
2008-02-13,0
2008-02-14,0
2008-02-15,0
2008-02-16,0
2008-02-17,0
2008-02-18,0
2008-02-19,0
2008-02-20,0
2008-02-21,0
2008-02-22,0
2008-02-23,0
2008-02-24,0
2008-02-25,0
2008-02-26,0
2008-02-27,0
2008-02-28,0
2008-02-29,0
2008-03-01,0
2008-03-02,0
2008-03-03,0
2008-03-04,0
2008-03-05,0
2008-03-06,0
2008-03-07,0
2008-03-08,0
2008-03-09,0
2008-03-10,0
2008-03-11,0
2008-03-12,0
2008-03-13,0
2008-03-14,0
2008-03-15,0
2008-03-16,0
2008-03-17,0
2008-03-18,0
2008-03-19,0
2008-03-20,0
2008-03-21,0
2008-03-22,0
2008-03-23,0
2008-03-24,0
2008-03-25,0
2008-03-26,0
2008-03-27,0
2008-03-28,0
2008-03-29,0
2008-03-30,0
2008-03-31,0
2008-04-01,0
2008-04-02,0
2008-04-03,0
2008-04-04,0
2008-04-05,0
2008-04-06,0
2008-04-07,0
2008-04-08,0
2008-04-09,0
2008-04-10,0
2008-04-11,0
2008-04-12,0
2008-04-13,0
2008-04-14,0
2008-04-15,0
2008-04-16,0
2008-04-17,0
2008-04-18,0
2008-04-19,0
2008-04-20,0
2008-04-21,0
2008-04-22,0
2008-04-23,0
2008-04-24,0
2008-04-25,0
2008-04-26,0
2008-04-27,0
2008-04-28,0
2008-04-29,0
2008-04-30,0
2008-05-01,0
2008-05-02,0
2008-05-03,0
2008-05-04,0
2008-05-05,0
2008-05-06,0
2008-05-07,0
2008-05-08,0
2008-05-09,0
2008-05-10,0
2008-05-11,0
2008-05-12,0
2008-05-13,0
2008-05-14,0
2008-05-15,0
2008-05-16,0
2008-05-17,0
2008-05-18,0
2008-05-19,0
2008-05-20,0
2008-05-21,0
2008-05-22,0
2008-05-23,0
2008-05-24,0
2008-05-25,0
2008-05-26,0
2008-05-27,0
2008-05-28,0
2008-05-29,0
2008-05-30,0
2008-05-31,0
2008-06-01,0
2008-06-02,0
2008-06-03,0
2008-06-04,0
2008-06-05,0
2008-06-06,0
2008-06-07,0
2008-06-08,0
2008-06-09,0
2008-06-10,0
2008-06-11,0
2008-06-12,0
2008-06-13,0
2008-06-14,0
2008-06-15,0
2008-06-16,0
2008-06-17,0
2008-06-18,0
2008-06-19,0
2008-06-20,0
2008-06-21,0
2008-06-22,0
2008-06-23,0
2008-06-24,0
2008-06-25,0
2008-06-26,0
2008-06-27,0
2008-06-28,0
2008-06-29,0
2008-06-30,0
2008-07-01,0
2008-07-02,0
2008-07-03,0
2008-07-04,0
2008-07-05,0
2008-07-06,0
2008-07-07,0
2008-07-08,0
2008-07-09,0
2008-07-10,0
2008-07-11,0
2008-07-12,0
2008-07-13,0
2008-07-14,0
2008-07-15,0
2008-07-16,0
2008-07-17,0
2008-07-18,0
2008-07-19,0
2008-07-20,0
2008-07-21,0
2008-07-22,0
2008-07-23,0
2008-07-24,0
2008-07-25,0
2008-07-26,0
2008-07-27,0
2008-07-28,0
2008-07-29,0
2008-07-30,0
2008-07-31,0
2008-08-01,0
2008-08-02,0
2008-08-03,0
2008-08-04,0
2008-08-05,0
2008-08-06,0
2008-08-07,0
2008-08-08,0
2008-08-09,0
2008-08-10,0
2008-08-11,0
2008-08-12,0
2008-08-13,0
2008-08-14,0
2008-08-15,0
2008-08-16,0
2008-08-17,0
2008-08-18,0
2008-08-19,0
2008-08-20,0
2008-08-21,0
2008-08-22,0
2008-08-23,0
2008-08-24,0
2008-08-25,0
2008-08-26,0
2008-08-27,0
2008-08-28,0
2008-08-29,0
2008-08-30,0
2008-08-31,0
2008-09-01,0
2008-09-02,0
2008-09-03,0
2008-09-04,0
2008-09-05,0
2008-09-06,0
2008-09-07,0
2008-09-08,0
2008-09-09,0
2008-09-10,0
2008-09-11,0
2008-09-12,0
2008-09-13,0
2008-09-14,0
2008-09-15,0
2008-09-16,0
2008-09-17,0
2008-09-18,0
2008-09-19,0
2008-09-20,0
2008-09-21,0
2008-09-22,0
2008-09-23,0
2008-09-24,0
2008-09-25,0
2008-09-26,0
2008-09-27,0
2008-09-28,0
2008-09-29,0
2008-09-30,0
2008-10-01,0
2008-10-02,0
2008-10-03,0
2008-10-04,0
2008-10-05,0
2008-10-06,0
2008-10-07,0
2008-10-08,0
2008-10-09,0
2008-10-10,0
2008-10-11,0
2008-10-12,0
2008-10-13,0
2008-10-14,0
2008-10-15,0
2008-10-16,0
2008-10-17,0
2008-10-18,0
2008-10-19,0
2008-10-20,0
2008-10-21,0
2008-10-22,0
2008-10-23,0
2008-10-24,0
2008-10-25,0
2008-10-26,0
2008-10-27,0
2008-10-28,0
2008-10-29,0
2008-10-30,0
2008-10-31,0
2008-11-01,0
2008-11-02,0
2008-11-03,0
2008-11-04,0
2008-11-05,0
2008-11-06,0
2008-11-07,0
2008-11-08,0
2008-11-09,0
2008-11-10,0
2008-11-11,0
2008-11-12,0
2008-11-13,0
2008-11-14,0
2008-11-15,0
2008-11-16,0
2008-11-17,0
2008-11-18,0
2008-11-19,0
2008-11-20,0
2008-11-21,0
2008-11-22,0
2008-11-23,0
2008-11-24,0
2008-11-25,0
2008-11-26,0
2008-11-27,0
2008-11-28,0
2008-11-29,0
2008-11-30,0
2008-12-01,0
2008-12-02,0
2008-12-03,0
2008-12-04,0
2008-12-05,0
2008-12-06,0
2008-12-07,0
2008-12-08,0
2008-12-09,0
2008-12-10,0
2008-12-11,0
2008-12-12,0
2008-12-13,0
2008-12-14,0
2008-12-15,0
2008-12-16,0
2008-12-17,0
2008-12-18,0
2008-12-19,0
2008-12-20,0
2008-12-21,0
2008-12-22,0
2008-12-23,0
2008-12-24,0
2008-12-25,0
2008-12-26,0
2008-12-27,0
2008-12-28,0
2008-12-29,0
2008-12-30,0
2008-12-31,0
2009-01-01,0
2009-01-02,0
2009-01-03,0
2009-01-04,0
2009-01-05,0
2009-01-06,0
2009-01-07,0
2009-01-08,0
2009-01-09,0
2009-01-10,0
2009-01-11,0
2009-01-12,0
2009-01-13,0
2009-01-14,0
2009-01-15,0
2009-01-16,0
2009-01-17,0
2009-01-18,0
2009-01-19,0
2009-01-20,0
2009-01-21,0
2009-01-22,0
2009-01-23,0
2009-01-24,0
2009-01-25,0
2009-01-26,0
2009-01-27,0
2009-01-28,0
2009-01-29,0
2009-01-30,0
2009-01-31,0
2009-02-01,0
2009-02-02,0
2009-02-03,0
2009-02-04,0
2009-02-05,0
2009-02-06,0
2009-02-07,0
2009-02-08,0
2009-02-09,0
2009-02-10,0
2009-02-11,0
2009-02-12,0
2009-02-13,0
2009-02-14,0
2009-02-15,0
2009-02-16,0
2009-02-17,0
2009-02-18,0
2009-02-19,0
2009-02-20,0
2009-02-21,0
2009-02-22,0
2009-02-23,0
2009-02-24,0
2009-02-25,0
2009-02-26,0
2009-02-27,0
2009-02-28,0
2009-03-01,0
2009-03-02,0
2009-03-03,0
2009-03-04,0
2009-03-05,0
2009-03-06,0
2009-03-07,0
2009-03-08,0
2009-03-09,0
2009-03-10,0
2009-03-11,0
2009-03-12,0
2009-03-13,0
2009-03-14,0
2009-03-15,0
2009-03-16,0
2009-03-17,0
2009-03-18,0
2009-03-19,0
2009-03-20,0
2009-03-21,0
2009-03-22,0
2009-03-23,0
2009-03-24,0
2009-03-25,0
2009-03-26,0
2009-03-27,0
2009-03-28,0
2009-03-29,0
2009-03-30,0
2009-03-31,0
2009-04-01,0
2009-04-02,0
2009-04-03,0
2009-04-04,0
2009-04-05,0
2009-04-06,0
2009-04-07,0
2009-04-08,0
2009-04-09,0
2009-04-10,0
2009-04-11,0
2009-04-12,0
2009-04-13,0
2009-04-14,0
2009-04-15,0
2009-04-16,0
2009-04-17,0
2009-04-18,0
2009-04-19,0
2009-04-20,0
2009-04-21,0
2009-04-22,0
2009-04-23,0
2009-04-24,0
2009-04-25,0
2009-04-26,0
2009-04-27,0
2009-04-28,0
2009-04-29,0
2009-04-30,0
2009-05-01,0
2009-05-02,0
2009-05-03,0
2009-05-04,0
2009-05-05,0
2009-05-06,0
2009-05-07,0
2009-05-08,0
2009-05-09,0
2009-05-10,0
2009-05-11,0
2009-05-12,0
2009-05-13,0
2009-05-14,0
2009-05-15,0
2009-05-16,0
2009-05-17,0
2009-05-18,0
2009-05-19,0
2009-05-20,0
2009-05-21,0
2009-05-22,0
2009-05-23,0
2009-05-24,0
2009-05-25,0
2009-05-26,0
2009-05-27,0
2009-05-28,0
2009-05-29,0
2009-05-30,0
2009-05-31,0
2009-06-01,0
2009-06-02,0
2009-06-03,0
2009-06-04,0
2009-06-05,0
2009-06-06,0
2009-06-07,0
2009-06-08,0
2009-06-09,0
2009-06-10,0
2009-06-11,0
2009-06-12,0
2009-06-13,0
2009-06-14,0
2009-06-15,0
2009-06-16,0
2009-06-17,0
2009-06-18,0
2009-06-19,0
2009-06-20,0
2009-06-21,0
2009-06-22,0
2009-06-23,0
2009-06-24,0
2009-06-25,0
2009-06-26,0
2009-06-27,0
2009-06-28,0
2009-06-29,0
2009-06-30,0
2009-07-01,0
2009-07-02,0
2009-07-03,0
2009-07-04,0
2009-07-05,0
2009-07-06,0
2009-07-07,0
2009-07-08,0
2009-07-09,0
2009-07-10,0
2009-07-11,0
2009-07-12,0
2009-07-13,0
2009-07-14,0
2009-07-15,0
2009-07-16,0
2009-07-17,0
2009-07-18,0
2009-07-19,0
2009-07-20,0
2009-07-21,0
2009-07-22,0
2009-07-23,0
2009-07-24,0
2009-07-25,0
2009-07-26,0
2009-07-27,0
2009-07-28,0
2009-07-29,0
2009-07-30,0
2009-07-31,0
2009-08-01,0
2009-08-02,0
2009-08-03,0
2009-08-04,0
2009-08-05,0
2009-08-06,0
2009-08-07,0
2009-08-08,0
2009-08-09,0
2009-08-10,0
2009-08-11,0
2009-08-12,0
2009-08-13,0
2009-08-14,0
2009-08-15,0
2009-08-16,0
2009-08-17,0
2009-08-18,0
2009-08-19,0
2009-08-20,0
2009-08-21,0
2009-08-22,0
2009-08-23,0
2009-08-24,0
2009-08-25,0
2009-08-26,0
2009-08-27,0
2009-08-28,0
2009-08-29,0
2009-08-30,0
2009-08-31,0
2009-09-01,0
2009-09-02,0
2009-09-03,0
2009-09-04,0
2009-09-05,0
2009-09-06,0
2009-09-07,0
2009-09-08,0
2009-09-09,0
2009-09-10,0
2009-09-11,0
2009-09-12,0
2009-09-13,0
2009-09-14,0
2009-09-15,0
2009-09-16,0
2009-09-17,0
2009-09-18,0
2009-09-19,0
2009-09-20,0
2009-09-21,0
2009-09-22,0
2009-09-23,0
2009-09-24,1
2009-09-25,2
2009-09-26,3
2009-09-27,4
2009-09-28,5
2009-09-29,6
2009-09-30,7
2009-10-01,8
2009-10-02,9
2009-10-03,10
2009-10-04,11
2009-10-05,12
2009-10-06,13
2009-10-07,14
2009-10-08,15
2009-10-09,16
2009-10-10,17
2009-10-11,18
2009-10-12,19
2009-10-13,20
2009-10-14,21
2009-10-15,22
2009-10-16,23
2009-10-17,23
2009-10-18,23
2009-10-19,23
2009-10-20,23
2009-10-21,23
2009-10-22,23
2009-10-23,23
2009-10-24,23
2009-10-25,23
2009-10-26,23
2009-10-27,23
2009-10-28,23
2009-10-29,23
2009-10-30,23
2009-10-31,23
2009-11-01,23
2009-11-02,23
2009-11-03,23
2009-11-04,23
2009-11-05,23
2009-11-06,23
2009-11-07,23
2009-11-08,23
2009-11-09,23
2009-11-10,23
2009-11-11,23
2009-11-12,23
2009-11-13,23
2009-11-14,23
2009-11-15,23
2009-11-16,23
2009-11-17,23
2009-11-18,23
2009-11-19,23
2009-11-20,23
2009-11-21,23
2009-11-22,23
2009-11-23,23
2009-11-24,23
2009-11-25,23
2009-11-26,23
2009-11-27,23
2009-11-28,23
2009-11-29,23
2009-11-30,23
2009-12-01,23
2009-12-02,23
2009-12-03,23
2009-12-04,23
2009-12-05,23
2009-12-06,23
2009-12-07,23
2009-12-08,23
2009-12-09,23
2009-12-10,23
2009-12-11,23
2009-12-12,23
2009-12-13,23
2009-12-14,23
2009-12-15,23
2009-12-16,23
2009-12-17,23
2009-12-18,23
2009-12-19,23
2009-12-20,23
2009-12-21,23
2009-12-22,23
2009-12-23,23
2009-12-24,23
2009-12-25,23
2009-12-26,23
2009-12-27,23
2009-12-28,23
2009-12-29,23
2009-12-30,23
2009-12-31,23
2010-01-01,23
2010-01-02,23
2010-01-03,23
2010-01-04,23
2010-01-05,23
2010-01-06,23
2010-01-07,23
2010-01-08,23
2010-01-09,23
2010-01-10,23
2010-01-11,23
2010-01-12,23
2010-01-13,23
2010-01-14,23
2010-01-15,23
2010-01-16,23
2010-01-17,23
2010-01-18,23
2010-01-19,23
2010-01-20,23
2010-01-21,23
2010-01-22,22
2010-01-23,21
2010-01-24,20
2010-01-25,19
2010-01-26,18
2010-01-27,17
2010-01-28,16
2010-01-29,15
2010-01-30,14
2010-01-31,13
2010-02-01,12
2010-02-02,11
2010-02-03,10
2010-02-04,9
2010-02-05,8
2010-02-06,7
2010-02-07,6
2010-02-08,5
2010-02-09,4
2010-02-10,3
2010-02-11,2
2010-02-12,1
2010-02-13,0
2010-02-14,0
2010-02-15,0
2010-02-16,0
2010-02-17,0
2010-02-18,0
2010-02-19,0
2010-02-20,0
2010-02-21,0
2010-02-22,0
2010-02-23,0
2010-02-24,0
2010-02-25,0
2010-02-26,0
2010-02-27,0
2010-02-28,0
2010-03-01,0
2010-03-02,0
2010-03-03,0
2010-03-04,0
2010-03-05,0
2010-03-06,0
2010-03-07,0
2010-03-08,0
2010-03-09,0
2010-03-10,0
2010-03-11,0
2010-03-12,0
2010-03-13,0
2010-03-14,0
2010-03-15,0
2010-03-16,0
2010-03-17,0
2010-03-18,0
2010-03-19,0
2010-03-20,0
2010-03-21,0
2010-03-22,0
2010-03-23,0
2010-03-24,0
2010-03-25,0
2010-03-26,0
2010-03-27,0
2010-03-28,0
2010-03-29,0
2010-03-30,0
2010-03-31,0
2010-04-01,0
2010-04-02,0
2010-04-03,0
2010-04-04,0
2010-04-05,0
2010-04-06,0
2010-04-07,0
2010-04-08,0
2010-04-09,0
2010-04-10,0
2010-04-11,0
2010-04-12,0
2010-04-13,0
2010-04-14,0
2010-04-15,0
2010-04-16,0
2010-04-17,0
2010-04-18,0
2010-04-19,0
2010-04-20,0
2010-04-21,0
2010-04-22,0
2010-04-23,0
2010-04-24,0
2010-04-25,0
2010-04-26,0
2010-04-27,0
2010-04-28,0
2010-04-29,0
2010-04-30,0
2010-05-01,0
2010-05-02,0
2010-05-03,0
2010-05-04,0
2010-05-05,0
2010-05-06,0
2010-05-07,0
2010-05-08,0
2010-05-09,0
2010-05-10,0
2010-05-11,0
2010-05-12,0
2010-05-13,0
2010-05-14,0
2010-05-15,0
2010-05-16,0
2010-05-17,0
2010-05-18,0
2010-05-19,0
2010-05-20,0
2010-05-21,0
2010-05-22,0
2010-05-23,0
2010-05-24,0
2010-05-25,0
2010-05-26,0
2010-05-27,0
2010-05-28,0
2010-05-29,0
2010-05-30,0
2010-05-31,0
2010-06-01,0
2010-06-02,0
2010-06-03,0
2010-06-04,0
2010-06-05,0
2010-06-06,0
2010-06-07,0
2010-06-08,0
2010-06-09,0
2010-06-10,0
2010-06-11,0
2010-06-12,0
2010-06-13,0
2010-06-14,0
2010-06-15,0
2010-06-16,0
2010-06-17,0
2010-06-18,0
2010-06-19,0
2010-06-20,0
2010-06-21,0
2010-06-22,0
2010-06-23,0
2010-06-24,0
2010-06-25,0
2010-06-26,0
2010-06-27,0
2010-06-28,0
2010-06-29,0
2010-06-30,0
2010-07-01,0
2010-07-02,0
2010-07-03,0
2010-07-04,0
2010-07-05,0
2010-07-06,0
2010-07-07,0
2010-07-08,0
2010-07-09,0
2010-07-10,0
2010-07-11,0
2010-07-12,0
2010-07-13,0
2010-07-14,0
2010-07-15,0
2010-07-16,0
2010-07-17,0
2010-07-18,0
2010-07-19,0
2010-07-20,0
2010-07-21,0
2010-07-22,0
2010-07-23,0
2010-07-24,0
2010-07-25,0
2010-07-26,0
2010-07-27,0
2010-07-28,0
2010-07-29,0
2010-07-30,0
2010-07-31,0
2010-08-01,0
2010-08-02,0
2010-08-03,0
2010-08-04,0
2010-08-05,0
2010-08-06,0
2010-08-07,0
2010-08-08,0
2010-08-09,0
2010-08-10,0
2010-08-11,0
2010-08-12,0
2010-08-13,0
2010-08-14,0
2010-08-15,0
2010-08-16,0
2010-08-17,0
2010-08-18,0
2010-08-19,0
2010-08-20,0
2010-08-21,0
2010-08-22,0
2010-08-23,0
2010-08-24,0
2010-08-25,0
2010-08-26,0
2010-08-27,0
2010-08-28,0
2010-08-29,0
2010-08-30,0
2010-08-31,0
2010-09-01,0
2010-09-02,0
2010-09-03,0
2010-09-04,0
2010-09-05,0
2010-09-06,0
2010-09-07,0
2010-09-08,0
2010-09-09,0
2010-09-10,0
2010-09-11,0
2010-09-12,0
2010-09-13,0
2010-09-14,0
2010-09-15,0
2010-09-16,0
2010-09-17,0
2010-09-18,0
2010-09-19,0
2010-09-20,0
2010-09-21,0
2010-09-22,0
2010-09-23,0
2010-09-24,0
2010-09-25,0
2010-09-26,0
2010-09-27,0
2010-09-28,0
2010-09-29,0
2010-09-30,0
2010-10-01,0
2010-10-02,0
2010-10-03,0
2010-10-04,0
2010-10-05,0
2010-10-06,0
2010-10-07,0
2010-10-08,0
2010-10-09,0
2010-10-10,0
2010-10-11,0
2010-10-12,0
2010-10-13,0
2010-10-14,0
2010-10-15,0
2010-10-16,0
2010-10-17,0
2010-10-18,0
2010-10-19,0
2010-10-20,0
2010-10-21,0
2010-10-22,0
2010-10-23,0
2010-10-24,0
2010-10-25,0
2010-10-26,0
2010-10-27,0
2010-10-28,0
2010-10-29,0
2010-10-30,0
2010-10-31,0
2010-11-01,0
2010-11-02,0
2010-11-03,0
2010-11-04,0
2010-11-05,0
2010-11-06,0
2010-11-07,0
2010-11-08,0
2010-11-09,0
2010-11-10,0
2010-11-11,0
2010-11-12,0
2010-11-13,0
2010-11-14,0
2010-11-15,0
2010-11-16,0
2010-11-17,0
2010-11-18,0
2010-11-19,1
2010-11-20,2
2010-11-21,3
2010-11-22,4
2010-11-23,5
2010-11-24,6
2010-11-25,7
2010-11-26,8
2010-11-27,9
2010-11-28,10
2010-11-29,11
2010-11-30,12
2010-12-01,13
2010-12-02,14
2010-12-03,15
2010-12-04,16
2010-12-05,17
2010-12-06,18
2010-12-07,19
2010-12-08,20
2010-12-09,21
2010-12-10,22
2010-12-11,23
2010-12-12,24
2010-12-13,24
2010-12-14,24
2010-12-15,24
2010-12-16,24
2010-12-17,24
2010-12-18,24
2010-12-19,24
2010-12-20,24
2010-12-21,24
2010-12-22,24
2010-12-23,24
2010-12-24,24
2010-12-25,24
2010-12-26,24
2010-12-27,24
2010-12-28,24
2010-12-29,24
2010-12-30,24
2010-12-31,24
2011-01-01,24
2011-01-02,24
2011-01-03,24
2011-01-04,24
2011-01-05,24
2011-01-06,24
2011-01-07,24
2011-01-08,24
2011-01-09,24
2011-01-10,24
2011-01-11,24
2011-01-12,24
2011-01-13,24
2011-01-14,24
2011-01-15,24
2011-01-16,24
2011-01-17,24
2011-01-18,24
2011-01-19,24
2011-01-20,24
2011-01-21,24
2011-01-22,24
2011-01-23,24
2011-01-24,24
2011-01-25,24
2011-01-26,24
2011-01-27,24
2011-01-28,24
2011-01-29,24
2011-01-30,24
2011-01-31,24
2011-02-01,24
2011-02-02,24
2011-02-03,24
2011-02-04,24
2011-02-05,24
2011-02-06,24
2011-02-07,24
2011-02-08,24
2011-02-09,24
2011-02-10,24
2011-02-11,24
2011-02-12,24
2011-02-13,24
2011-02-14,24
2011-02-15,24
2011-02-16,24
2011-02-17,24
2011-02-18,24
2011-02-19,24
2011-02-20,24
2011-02-21,24
2011-02-22,24
2011-02-23,24
2011-02-24,24
2011-02-25,24
2011-02-26,24
2011-02-27,24
2011-02-28,24
2011-03-01,24
2011-03-02,24
2011-03-03,24
2011-03-04,24
2011-03-05,24
2011-03-06,24
2011-03-07,24
2011-03-08,24
2011-03-09,24
2011-03-10,24
2011-03-11,24
2011-03-12,24
2011-03-13,24
2011-03-14,24
2011-03-15,24
2011-03-16,24
2011-03-17,24
2011-03-18,24
2011-03-19,23
2011-03-20,22
2011-03-21,21
2011-03-22,20
2011-03-23,19
2011-03-24,18
2011-03-25,17
2011-03-26,16
2011-03-27,15
2011-03-28,14
2011-03-29,13
2011-03-30,12
2011-03-31,11
2011-04-01,10
2011-04-02,9
2011-04-03,8
2011-04-04,7
2011-04-05,6
2011-04-06,5
2011-04-07,4
2011-04-08,3
2011-04-09,2
2011-04-10,1
2011-04-11,0
2011-04-12,0
2011-04-13,0
2011-04-14,0
2011-04-15,0
2011-04-16,0
2011-04-17,0
2011-04-18,0
2011-04-19,0
2011-04-20,0
2011-04-21,0
2011-04-22,0
2011-04-23,0
2011-04-24,0
2011-04-25,0
2011-04-26,0
2011-04-27,0
2011-04-28,0
2011-04-29,0
2011-04-30,0
2011-05-01,0
2011-05-02,0
2011-05-03,0
2011-05-04,0
2011-05-05,0
2011-05-06,0
2011-05-07,0
2011-05-08,0
2011-05-09,0
2011-05-10,0
2011-05-11,0
2011-05-12,0
2011-05-13,0
2011-05-14,0
2011-05-15,0
2011-05-16,0
2011-05-17,0
2011-05-18,0
2011-05-19,0
2011-05-20,0
2011-05-21,0
2011-05-22,0
2011-05-23,0
2011-05-24,0
2011-05-25,0
2011-05-26,0
2011-05-27,0
2011-05-28,0
2011-05-29,0
2011-05-30,0
2011-05-31,0
2011-06-01,0
2011-06-02,0
2011-06-03,0
2011-06-04,0
2011-06-05,0
2011-06-06,0
2011-06-07,0
2011-06-08,0
2011-06-09,0
2011-06-10,0
2011-06-11,0
2011-06-12,0
2011-06-13,0
2011-06-14,0
2011-06-15,0
2011-06-16,0
2011-06-17,0
2011-06-18,0
2011-06-19,0
2011-06-20,0
2011-06-21,0
2011-06-22,0
2011-06-23,0
2011-06-24,0
2011-06-25,0
2011-06-26,0
2011-06-27,0
2011-06-28,0
2011-06-29,0
2011-06-30,0
2011-07-01,0
2011-07-02,0
2011-07-03,0
2011-07-04,0
2011-07-05,0
2011-07-06,0
2011-07-07,0
2011-07-08,0
2011-07-09,0
2011-07-10,0
2011-07-11,0
2011-07-12,0
2011-07-13,0
2011-07-14,0
2011-07-15,0
2011-07-16,0
2011-07-17,0
2011-07-18,0
2011-07-19,0
2011-07-20,0
2011-07-21,0
2011-07-22,0
2011-07-23,0
2011-07-24,0
2011-07-25,0
2011-07-26,0
2011-07-27,0
2011-07-28,0
2011-07-29,0
2011-07-30,0
2011-07-31,0
2011-08-01,0
2011-08-02,0
2011-08-03,0
2011-08-04,0
2011-08-05,0
2011-08-06,0
2011-08-07,0
2011-08-08,0
2011-08-09,0
2011-08-10,0
2011-08-11,0
2011-08-12,0
2011-08-13,0
2011-08-14,0
2011-08-15,0
2011-08-16,0
2011-08-17,0
2011-08-18,0
2011-08-19,0
2011-08-20,0
2011-08-21,0
2011-08-22,0
2011-08-23,0
2011-08-24,0
2011-08-25,0
2011-08-26,0
2011-08-27,0
2011-08-28,0
2011-08-29,0
2011-08-30,0
2011-08-31,0
2011-09-01,0
2011-09-02,0
2011-09-03,0
2011-09-04,0
2011-09-05,0
2011-09-06,0
2011-09-07,0
2011-09-08,0
2011-09-09,0
2011-09-10,0
2011-09-11,0
2011-09-12,0
2011-09-13,0
2011-09-14,0
2011-09-15,0
2011-09-16,0
2011-09-17,0
2011-09-18,0
2011-09-19,0
2011-09-20,0
2011-09-21,0
2011-09-22,0
2011-09-23,0
2011-09-24,0
2011-09-25,0
2011-09-26,0
2011-09-27,0
2011-09-28,0
2011-09-29,0
2011-09-30,0
